image_id,entity_type,entity_id,image_path,image_description
IMG1,structure,ST101,images/structures/ST101_Amritavarshini_Vav/img1.jpg,structure image
IMG2,structure,ST101,images/structures/ST101_Amritavarshini_Vav/img2.jpg,structure image
IMG3,structure,ST101,images/structures/ST101_Amritavarshini_Vav/img3.jpg,structure image
IMG4,structure,ST102,images/structures/ST102_Dutch_Tomb/img1.jpg,structure image
IMG5,structure,ST102,images/structures/ST102_Dutch_Tomb/img2.jpg,structure image
IMG6,structure,ST102,images/structures/ST102_Dutch_Tomb/img3.jpg,structure image
IMG7,structure,ST103,images/structures/ST103_Khan_Talav/img1.jpg,structure image
IMG8,structure,ST103,images/structures/ST103_Khan_Talav/img2.jpg,structure image
IMG9,structure,ST103,images/structures/ST103_Khan_Talav/img3.jpg,structure image
IMG10,structure,ST104,images/structures/ST104_Ancient_Masjid/img1.jpg,structure image
IMG11,structure,ST104,images/structures/ST104_Ancient_Masjid/img2.jpg,structure image
IMG12,structure,ST104,images/structures/ST104_Ancient_Masjid/img3.jpg,structure image
IMG13,structure,ST105,images/structures/ST105_Ancient_Step_Well/img1.jpg,structure image
IMG14,structure,ST105,images/structures/ST105_Ancient_Step_Well/img2.jpg,structure image
IMG15,structure,ST105,images/structures/ST105_Ancient_Step_Well/img3.jpg,structure image
IMG16,structure,ST106,images/structures/ST106_Timbo/img1.jpg,structure image
IMG17,structure,ST106,images/structures/ST106_Timbo/img2.jpg,structure image
IMG18,structure,ST106,images/structures/ST106_Timbo/img3.jpg,structure image
IMG19,structure,ST107,images/structures/ST107_Adnath_Temple/img1.jpg,structure image
IMG20,structure,ST107,images/structures/ST107_Adnath_Temple/img2.jpg,structure image
IMG21,structure,ST107,images/structures/ST107_Adnath_Temple/img3.jpg,structure image
IMG22,structure,ST109,images/structures/ST109_Ganganath_Mahadev_Temple/img1.jpg,structure image
IMG23,structure,ST109,images/structures/ST109_Ganganath_Mahadev_Temple/img2.jpg,structure image
IMG24,structure,ST109,images/structures/ST109_Ganganath_Mahadev_Temple/img3.jpg,structure image
IMG25,structure,ST110,images/structures/ST110_Ancient_Shiv_Temple/img1.jpg,structure image
IMG26,structure,ST110,images/structures/ST110_Ancient_Shiv_Temple/img2.jpg,structure image
IMG27,structure,ST110,images/structures/ST110_Ancient_Shiv_Temple/img3.jpg,structure image
IMG28,structure,ST111,images/structures/ST111_Kumbheshwar_Mahadev/img1.jpg,structure image
IMG29,structure,ST111,images/structures/ST111_Kumbheshwar_Mahadev/img2.jpg,structure image
IMG30,structure,ST111,images/structures/ST111_Kumbheshwar_Mahadev/img3.jpg,structure image
IMG31,structure,ST112,images/structures/ST112_Temple_No1_Near_Kantivas/img1.jpg,structure image
IMG32,structure,ST112,images/structures/ST112_Temple_No1_Near_Kantivas/img2.jpg,structure image
IMG33,structure,ST112,images/structures/ST112_Temple_No1_Near_Kantivas/img3.jpg,structure image
IMG34,structure,ST113,images/structures/ST113_Temple_No2/img1.jpg,structure image
IMG35,structure,ST113,images/structures/ST113_Temple_No2/img2.jpg,structure image
IMG36,structure,ST113,images/structures/ST113_Temple_No2/img3.jpg,structure image
IMG37,structure,ST114,images/structures/ST114_Temple_No3/img1.jpg,structure image
IMG38,structure,ST114,images/structures/ST114_Temple_No3/img2.jpg,structure image
IMG39,structure,ST114,images/structures/ST114_Temple_No3/img3.jpg,structure image
IMG40,structure,ST115,images/structures/ST115_Temple_No4/img1.jpg,structure image
IMG41,structure,ST115,images/structures/ST115_Temple_No4/img2.jpg,structure image
IMG42,structure,ST115,images/structures/ST115_Temple_No4/img3.jpg,structure image
IMG43,structure,ST116,images/structures/ST116_Temple_No5/img1.jpg,structure image
IMG44,structure,ST116,images/structures/ST116_Temple_No5/img2.jpg,structure image
IMG45,structure,ST116,images/structures/ST116_Temple_No5/img3.jpg,structure image
IMG46,structure,ST117,images/structures/ST117_Temple_No6/img1.jpg,structure image
IMG47,structure,ST117,images/structures/ST117_Temple_No6/img2.jpg,structure image
IMG48,structure,ST117,images/structures/ST117_Temple_No6/img3.jpg,structure image
IMG49,structure,ST118,images/structures/ST118_Temple_No1_(near_Mahudi)/img1.jpg,structure image
IMG50,structure,ST118,images/structures/ST118_Temple_No1_(near_Mahudi)/img2.jpg,structure image
IMG51,structure,ST118,images/structures/ST118_Temple_No1_(near_Mahudi)/img3.jpg,structure image
IMG52,structure,ST119,images/structures/ST119_Temple_No2/img1.jpg,structure image
IMG53,structure,ST119,images/structures/ST119_Temple_No2/img2.jpg,structure image
IMG54,structure,ST119,images/structures/ST119_Temple_No2/img3.jpg,structure image
IMG55,structure,ST120,images/structures/ST120_Temple_No3/img1.jpg,structure image
IMG56,structure,ST120,images/structures/ST120_Temple_No3/img2.jpg,structure image
IMG57,structure,ST120,images/structures/ST120_Temple_No3/img3.jpg,structure image
IMG58,structure,ST121,images/structures/ST121_Temple_No4/img1.jpg,structure image
IMG59,structure,ST121,images/structures/ST121_Temple_No4/img2.jpg,structure image
IMG60,structure,ST121,images/structures/ST121_Temple_No4/img3.jpg,structure image
IMG61,structure,ST122,images/structures/ST122_Stepwell/img1.jpg,structure image
IMG62,structure,ST122,images/structures/ST122_Stepwell/img2.jpg,structure image
IMG63,structure,ST122,images/structures/ST122_Stepwell/img3.jpg,structure image
IMG64,structure,ST123,images/structures/ST123_Ancient_Temple/img1.jpg,structure image
IMG65,structure,ST123,images/structures/ST123_Ancient_Temple/img2.jpg,structure image
IMG66,structure,ST123,images/structures/ST123_Ancient_Temple/img3.jpg,structure image
IMG67,structure,ST124,images/structures/ST124_Muleshwar_Mahadev_Temple/img1.jpg,structure image
IMG68,structure,ST124,images/structures/ST124_Muleshwar_Mahadev_Temple/img2.jpg,structure image
IMG69,structure,ST124,images/structures/ST124_Muleshwar_Mahadev_Temple/img3.jpg,structure image
IMG70,structure,ST125,images/structures/ST125_Muleshwar_Mahadev_Temple/img1.jpg,structure image
IMG71,structure,ST125,images/structures/ST125_Muleshwar_Mahadev_Temple/img2.jpg,structure image
IMG72,structure,ST125,images/structures/ST125_Muleshwar_Mahadev_Temple/img3.jpg,structure image
IMG73,structure,ST126,images/structures/ST126_Mithi_Vav/img1.jpg,structure image
IMG74,structure,ST126,images/structures/ST126_Mithi_Vav/img2.jpg,structure image
IMG75,structure,ST126,images/structures/ST126_Mithi_Vav/img3.jpg,structure image
IMG76,structure,ST127,images/structures/ST127_Zaloragadh_Timbo/img1.jpg,structure image
IMG77,structure,ST127,images/structures/ST127_Zaloragadh_Timbo/img2.jpg,structure image
IMG78,structure,ST127,images/structures/ST127_Zaloragadh_Timbo/img3.jpg,structure image
IMG79,structure,ST128,images/structures/ST128_Kadia_Dungar_Caves/img1.jpg,structure image
IMG80,structure,ST128,images/structures/ST128_Kadia_Dungar_Caves/img2.jpg,structure image
IMG81,structure,ST128,images/structures/ST128_Kadia_Dungar_Caves/img3.jpg,structure image
IMG82,structure,ST129,images/structures/ST129_Haripiya_Timbo/img1.jpg,structure image
IMG83,structure,ST129,images/structures/ST129_Haripiya_Timbo/img2.jpg,structure image
IMG84,structure,ST129,images/structures/ST129_Haripiya_Timbo/img3.jpg,structure image
IMG85,structure,ST130,images/structures/ST130_Ganga_Chhatri/img1.jpg,structure image
IMG86,structure,ST130,images/structures/ST130_Ganga_Chhatri/img2.jpg,structure image
IMG87,structure,ST130,images/structures/ST130_Ganga_Chhatri/img3.jpg,structure image
IMG88,structure,ST132,images/structures/ST132_Bhavnath_Temple/img1.jpg,structure image
IMG89,structure,ST132,images/structures/ST132_Bhavnath_Temple/img2.jpg,structure image
IMG90,structure,ST132,images/structures/ST132_Bhavnath_Temple/img3.jpg,structure image
IMG91,structure,ST133,images/structures/ST133_Firangi_Deval/img1.jpg,structure image
IMG92,structure,ST133,images/structures/ST133_Firangi_Deval/img2.jpg,structure image
IMG93,structure,ST133,images/structures/ST133_Firangi_Deval/img3.jpg,structure image
IMG94,structure,ST134,images/structures/ST134_Gopnath_Temple/img1.jpg,structure image
IMG95,structure,ST134,images/structures/ST134_Gopnath_Temple/img2.jpg,structure image
IMG96,structure,ST134,images/structures/ST134_Gopnath_Temple/img3.jpg,structure image
IMG97,structure,ST135,images/structures/ST135_Brahma_Kund/img1.jpg,structure image
IMG98,structure,ST135,images/structures/ST135_Brahma_Kund/img2.jpg,structure image
IMG99,structure,ST135,images/structures/ST135_Brahma_Kund/img3.jpg,structure image
IMG100,structure,ST136,images/structures/ST136_Saat_Sheri_(Satsheri)/img1.jpg,structure image
IMG101,structure,ST136,images/structures/ST136_Saat_Sheri_(Satsheri)/img2.jpg,structure image
IMG102,structure,ST136,images/structures/ST136_Saat_Sheri_(Satsheri)/img3.jpg,structure image
IMG103,structure,ST137,images/structures/ST137_Minara/img1.jpg,structure image
IMG104,structure,ST137,images/structures/ST137_Minara/img2.jpg,structure image
IMG105,structure,ST137,images/structures/ST137_Minara/img3.jpg,structure image
IMG106,structure,ST138,images/structures/ST138_Ancient_Temple/img1.jpg,structure image
IMG107,structure,ST138,images/structures/ST138_Ancient_Temple/img2.jpg,structure image
IMG108,structure,ST138,images/structures/ST138_Ancient_Temple/img3.jpg,structure image
IMG109,structure,ST139,images/structures/ST139_Kund_&_Toran/img1.jpg,structure image
IMG110,structure,ST139,images/structures/ST139_Kund_&_Toran/img2.jpg,structure image
IMG111,structure,ST139,images/structures/ST139_Kund_&_Toran/img3.jpg,structure image
IMG112,structure,ST140,images/structures/ST140_Vav_(Step_Well)/img1.jpg,structure image
IMG113,structure,ST140,images/structures/ST140_Vav_(Step_Well)/img2.jpg,structure image
IMG114,structure,ST140,images/structures/ST140_Vav_(Step_Well)/img3.jpg,structure image
IMG115,structure,ST141,images/structures/ST141_Vori_Vav/img1.jpg,structure image
IMG116,structure,ST141,images/structures/ST141_Vori_Vav/img2.jpg,structure image
IMG117,structure,ST141,images/structures/ST141_Vori_Vav/img3.jpg,structure image
IMG118,structure,ST142,images/structures/ST142_Mota_Todavali_Vav/img1.jpg,structure image
IMG119,structure,ST142,images/structures/ST142_Mota_Todavali_Vav/img2.jpg,structure image
IMG120,structure,ST142,images/structures/ST142_Mota_Todavali_Vav/img3.jpg,structure image
IMG121,structure,ST143,images/structures/ST143_Vav_(Step_Well)/img1.jpg,structure image
IMG122,structure,ST143,images/structures/ST143_Vav_(Step_Well)/img2.jpg,structure image
IMG123,structure,ST143,images/structures/ST143_Vav_(Step_Well)/img3.jpg,structure image
IMG124,structure,ST144,images/structures/ST144_Bhadrakali_Mata_Stepwell/img1.jpg,structure image
IMG125,structure,ST144,images/structures/ST144_Bhadrakali_Mata_Stepwell/img2.jpg,structure image
IMG126,structure,ST144,images/structures/ST144_Bhadrakali_Mata_Stepwell/img3.jpg,structure image
IMG127,structure,ST145,images/structures/ST145_Bhadeshwar_Temple/img1.jpg,structure image
IMG128,structure,ST145,images/structures/ST145_Bhadeshwar_Temple/img2.jpg,structure image
IMG129,structure,ST145,images/structures/ST145_Bhadeshwar_Temple/img3.jpg,structure image
IMG130,structure,ST146,images/structures/ST146_MacMurdo's_Bungalow/img1.jpg,structure image
IMG131,structure,ST146,images/structures/ST146_MacMurdo's_Bungalow/img2.jpg,structure image
IMG132,structure,ST146,images/structures/ST146_MacMurdo's_Bungalow/img3.jpg,structure image
IMG133,structure,ST147,images/structures/ST147_Shail_Gufa_(Cave)_No1/img1.jpg,structure image
IMG134,structure,ST147,images/structures/ST147_Shail_Gufa_(Cave)_No1/img2.jpg,structure image
IMG135,structure,ST147,images/structures/ST147_Shail_Gufa_(Cave)_No1/img3.jpg,structure image
IMG136,structure,ST148,images/structures/ST148_Shail_Gufa_No2/img1.jpg,structure image
IMG137,structure,ST148,images/structures/ST148_Shail_Gufa_No2/img2.jpg,structure image
IMG138,structure,ST148,images/structures/ST148_Shail_Gufa_No2/img3.jpg,structure image
IMG139,structure,ST149,images/structures/ST149_Pureshwar_Temple/img1.jpg,structure image
IMG140,structure,ST149,images/structures/ST149_Pureshwar_Temple/img2.jpg,structure image
IMG141,structure,ST149,images/structures/ST149_Pureshwar_Temple/img3.jpg,structure image
IMG142,structure,ST150,images/structures/ST150_Vadimedi_(Shaiv_Math)/img1.jpg,structure image
IMG143,structure,ST150,images/structures/ST150_Vadimedi_(Shaiv_Math)/img2.jpg,structure image
IMG144,structure,ST150,images/structures/ST150_Vadimedi_(Shaiv_Math)/img3.jpg,structure image
IMG145,structure,ST151,images/structures/ST151_Gates_of_Kanthkot/img1.jpg,structure image
IMG146,structure,ST151,images/structures/ST151_Gates_of_Kanthkot/img2.jpg,structure image
IMG147,structure,ST151,images/structures/ST151_Gates_of_Kanthkot/img3.jpg,structure image
IMG148,structure,ST152,images/structures/ST152_Jain_Temple/img1.jpg,structure image
IMG149,structure,ST152,images/structures/ST152_Jain_Temple/img2.jpg,structure image
IMG150,structure,ST152,images/structures/ST152_Jain_Temple/img3.jpg,structure image
IMG151,structure,ST153,images/structures/ST153_Surya_Temple/img1.jpg,structure image
IMG152,structure,ST153,images/structures/ST153_Surya_Temple/img2.jpg,structure image
IMG153,structure,ST153,images/structures/ST153_Surya_Temple/img3.jpg,structure image
IMG154,structure,ST154,images/structures/ST154_Shiva_Temple/img1.jpg,structure image
IMG155,structure,ST154,images/structures/ST154_Shiva_Temple/img2.jpg,structure image
IMG156,structure,ST154,images/structures/ST154_Shiva_Temple/img3.jpg,structure image
IMG157,structure,ST155,images/structures/ST155_Ram_Kund/img1.jpg,structure image
IMG158,structure,ST155,images/structures/ST155_Ram_Kund/img2.jpg,structure image
IMG159,structure,ST155,images/structures/ST155_Ram_Kund/img3.jpg,structure image
IMG160,structure,ST156,images/structures/ST156_Old_Temple/img1.jpg,structure image
IMG161,structure,ST156,images/structures/ST156_Old_Temple/img2.jpg,structure image
IMG162,structure,ST156,images/structures/ST156_Old_Temple/img3.jpg,structure image
IMG163,structure,ST157,images/structures/ST157_Eye_No_Dero_Shiva_Temple/img1.jpg,structure image
IMG164,structure,ST157,images/structures/ST157_Eye_No_Dero_Shiva_Temple/img2.jpg,structure image
IMG165,structure,ST157,images/structures/ST157_Eye_No_Dero_Shiva_Temple/img3.jpg,structure image
IMG166,structure,ST159,images/structures/ST159_Mound_of_Pabumath/img1.jpg,structure image
IMG167,structure,ST159,images/structures/ST159_Mound_of_Pabumath/img2.jpg,structure image
IMG168,structure,ST159,images/structures/ST159_Mound_of_Pabumath/img3.jpg,structure image
IMG169,structure,ST160,images/structures/ST160_Mound_of_Shobharel/img1.jpg,structure image
IMG170,structure,ST160,images/structures/ST160_Mound_of_Shobharel/img2.jpg,structure image
IMG171,structure,ST160,images/structures/ST160_Mound_of_Shobharel/img3.jpg,structure image
IMG172,structure,ST161,images/structures/ST161_Padharghadh/img1.jpg,structure image
IMG173,structure,ST161,images/structures/ST161_Padharghadh/img2.jpg,structure image
IMG174,structure,ST161,images/structures/ST161_Padharghadh/img3.jpg,structure image
IMG175,structure,ST162,images/structures/ST162_Lakhpat_Fort/img1.jpg,structure image
IMG176,structure,ST162,images/structures/ST162_Lakhpat_Fort/img2.jpg,structure image
IMG177,structure,ST162,images/structures/ST162_Lakhpat_Fort/img3.jpg,structure image
IMG178,structure,ST163,images/structures/ST163_Bhuvadeshwar_Mahadev_Temple/img1.jpg,structure image
IMG179,structure,ST163,images/structures/ST163_Bhuvadeshwar_Mahadev_Temple/img2.jpg,structure image
IMG180,structure,ST163,images/structures/ST163_Bhuvadeshwar_Mahadev_Temple/img3.jpg,structure image
IMG181,structure,ST164,images/structures/ST164_Gurdwara/img1.jpg,structure image
IMG182,structure,ST164,images/structures/ST164_Gurdwara/img2.jpg,structure image
IMG183,structure,ST164,images/structures/ST164_Gurdwara/img3.jpg,structure image
IMG184,structure,ST165,images/structures/ST165_Kirti_Stambh_(Deva_Manek_Stambh)/img1.jpg,structure image
IMG185,structure,ST165,images/structures/ST165_Kirti_Stambh_(Deva_Manek_Stambh)/img2.jpg,structure image
IMG186,structure,ST165,images/structures/ST165_Kirti_Stambh_(Deva_Manek_Stambh)/img3.jpg,structure image
IMG187,structure,ST166,images/structures/ST166_Ancient_Temple/img1.jpg,structure image
IMG188,structure,ST166,images/structures/ST166_Ancient_Temple/img2.jpg,structure image
IMG189,structure,ST166,images/structures/ST166_Ancient_Temple/img3.jpg,structure image
IMG190,structure,ST168,images/structures/ST168_Mound_(Amra)/img1.jpg,structure image
IMG191,structure,ST168,images/structures/ST168_Mound_(Amra)/img2.jpg,structure image
IMG192,structure,ST168,images/structures/ST168_Mound_(Amra)/img3.jpg,structure image
IMG193,structure,ST169,images/structures/ST169_Shiv_Temple_(Khimeshwar_Mahadev)/img1.jpg,structure image
IMG194,structure,ST169,images/structures/ST169_Shiv_Temple_(Khimeshwar_Mahadev)/img2.jpg,structure image
IMG195,structure,ST169,images/structures/ST169_Shiv_Temple_(Khimeshwar_Mahadev)/img3.jpg,structure image
IMG196,structure,ST170,images/structures/ST170_Kotho_(Bhujio)_Rampart/img1.jpg,structure image
IMG197,structure,ST170,images/structures/ST170_Kotho_(Bhujio)_Rampart/img2.jpg,structure image
IMG198,structure,ST170,images/structures/ST170_Kotho_(Bhujio)_Rampart/img3.jpg,structure image
IMG199,structure,ST171,images/structures/ST171_Khambhalia_Gate/img1.jpg,structure image
IMG200,structure,ST171,images/structures/ST171_Khambhalia_Gate/img2.jpg,structure image
IMG201,structure,ST171,images/structures/ST171_Khambhalia_Gate/img3.jpg,structure image
IMG202,structure,ST172,images/structures/ST172_Juma_Masjid(nscription)/img1.jpg,structure image
IMG203,structure,ST172,images/structures/ST172_Juma_Masjid(nscription)/img2.jpg,structure image
IMG204,structure,ST172,images/structures/ST172_Juma_Masjid(nscription)/img3.jpg,structure image
IMG205,structure,ST173,images/structures/ST173_Nagnath_Temple/img1.jpg,structure image
IMG206,structure,ST173,images/structures/ST173_Nagnath_Temple/img2.jpg,structure image
IMG207,structure,ST173,images/structures/ST173_Nagnath_Temple/img3.jpg,structure image
IMG208,structure,ST174,images/structures/ST174_Lakhota_Tower/img1.jpg,structure image
IMG209,structure,ST174,images/structures/ST174_Lakhota_Tower/img2.jpg,structure image
IMG210,structure,ST174,images/structures/ST174_Lakhota_Tower/img3.jpg,structure image
IMG211,structure,ST175,images/structures/ST175_Mound_(Narmana)/img1.jpg,structure image
IMG212,structure,ST175,images/structures/ST175_Mound_(Narmana)/img2.jpg,structure image
IMG213,structure,ST175,images/structures/ST175_Mound_(Narmana)/img3.jpg,structure image
IMG214,structure,ST176,images/structures/ST176_Mound_(Bed)/img1.jpg,structure image
IMG215,structure,ST176,images/structures/ST176_Mound_(Bed)/img2.jpg,structure image
IMG216,structure,ST176,images/structures/ST176_Mound_(Bed)/img3.jpg,structure image
IMG217,structure,ST177,images/structures/ST177_Mound_(Moda)/img1.jpg,structure image
IMG218,structure,ST177,images/structures/ST177_Mound_(Moda)/img2.jpg,structure image
IMG219,structure,ST177,images/structures/ST177_Mound_(Moda)/img3.jpg,structure image
IMG220,structure,ST178,images/structures/ST178_Mound_(Lakhabaval)/img1.jpg,structure image
IMG221,structure,ST178,images/structures/ST178_Mound_(Lakhabaval)/img2.jpg,structure image
IMG222,structure,ST178,images/structures/ST178_Mound_(Lakhabaval)/img3.jpg,structure image
IMG223,structure,ST179,images/structures/ST179_Mound_(Vasai)/img1.jpg,structure image
IMG224,structure,ST179,images/structures/ST179_Mound_(Vasai)/img2.jpg,structure image
IMG225,structure,ST179,images/structures/ST179_Mound_(Vasai)/img3.jpg,structure image
IMG226,structure,ST181,images/structures/ST181_Kotho/img1.jpg,structure image
IMG227,structure,ST181,images/structures/ST181_Kotho/img2.jpg,structure image
IMG228,structure,ST181,images/structures/ST181_Kotho/img3.jpg,structure image
IMG229,structure,ST182,images/structures/ST182_Kalika_Mata_Temple/img1.jpg,structure image
IMG230,structure,ST182,images/structures/ST182_Kalika_Mata_Temple/img2.jpg,structure image
IMG231,structure,ST182,images/structures/ST182_Kalika_Mata_Temple/img3.jpg,structure image
IMG232,structure,ST183,images/structures/ST183_Stone_Memorial_of_Bhuchar_Mori_Deri_&_Battlefield/img1.jpg,structure image
IMG233,structure,ST183,images/structures/ST183_Stone_Memorial_of_Bhuchar_Mori_Deri_&_Battlefield/img2.jpg,structure image
IMG234,structure,ST183,images/structures/ST183_Stone_Memorial_of_Bhuchar_Mori_Deri_&_Battlefield/img3.jpg,structure image
IMG235,structure,ST184,images/structures/ST184_Forts_Nr_Kileshwar/img1.jpg,structure image
IMG236,structure,ST184,images/structures/ST184_Forts_Nr_Kileshwar/img2.jpg,structure image
IMG237,structure,ST184,images/structures/ST184_Forts_Nr_Kileshwar/img3.jpg,structure image
IMG238,structure,ST185,images/structures/ST185_Ganesh_Temple/img1.jpg,structure image
IMG239,structure,ST185,images/structures/ST185_Ganesh_Temple/img2.jpg,structure image
IMG240,structure,ST185,images/structures/ST185_Ganesh_Temple/img3.jpg,structure image
IMG241,structure,ST186,images/structures/ST186_Navlakha_Temple/img1.jpg,structure image
IMG242,structure,ST186,images/structures/ST186_Navlakha_Temple/img2.jpg,structure image
IMG243,structure,ST186,images/structures/ST186_Navlakha_Temple/img3.jpg,structure image
IMG244,structure,ST187,images/structures/ST187_Ancient_Temple_on_the_Bank_of_Chelsar_Talav/img1.jpg,structure image
IMG245,structure,ST187,images/structures/ST187_Ancient_Temple_on_the_Bank_of_Chelsar_Talav/img2.jpg,structure image
IMG246,structure,ST187,images/structures/ST187_Ancient_Temple_on_the_Bank_of_Chelsar_Talav/img3.jpg,structure image
IMG247,structure,ST188,images/structures/ST188_Rampol_Gates/img1.jpg,structure image
IMG248,structure,ST188,images/structures/ST188_Rampol_Gates/img2.jpg,structure image
IMG249,structure,ST188,images/structures/ST188_Rampol_Gates/img3.jpg,structure image
IMG250,structure,ST189,images/structures/ST189_Vikiya_Vav/img1.jpg,structure image
IMG251,structure,ST189,images/structures/ST189_Vikiya_Vav/img2.jpg,structure image
IMG252,structure,ST189,images/structures/ST189_Vikiya_Vav/img3.jpg,structure image
IMG253,structure,ST190,images/structures/ST190_Son_Kansari/img1.jpg,structure image
IMG254,structure,ST190,images/structures/ST190_Son_Kansari/img2.jpg,structure image
IMG255,structure,ST190,images/structures/ST190_Son_Kansari/img3.jpg,structure image
IMG256,structure,ST191,images/structures/ST191_Five_Temples/img1.jpg,structure image
IMG257,structure,ST191,images/structures/ST191_Five_Temples/img2.jpg,structure image
IMG258,structure,ST191,images/structures/ST191_Five_Temples/img3.jpg,structure image
IMG259,structure,ST192,images/structures/ST192_Bhimeshwar_Mahadev_Temples/img1.jpg,structure image
IMG260,structure,ST192,images/structures/ST192_Bhimeshwar_Mahadev_Temples/img2.jpg,structure image
IMG261,structure,ST192,images/structures/ST192_Bhimeshwar_Mahadev_Temples/img3.jpg,structure image
IMG262,structure,ST193,images/structures/ST193_Two_Bhavaneshwar_Temples/img1.jpg,structure image
IMG263,structure,ST193,images/structures/ST193_Two_Bhavaneshwar_Temples/img2.jpg,structure image
IMG264,structure,ST193,images/structures/ST193_Two_Bhavaneshwar_Temples/img3.jpg,structure image
IMG265,structure,ST194,images/structures/ST194_Fort/img1.jpg,structure image
IMG266,structure,ST194,images/structures/ST194_Fort/img2.jpg,structure image
IMG267,structure,ST194,images/structures/ST194_Fort/img3.jpg,structure image
IMG268,structure,ST195,images/structures/ST195_Stepwell/img1.jpg,structure image
IMG269,structure,ST195,images/structures/ST195_Stepwell/img2.jpg,structure image
IMG270,structure,ST195,images/structures/ST195_Stepwell/img3.jpg,structure image
IMG271,structure,ST196,images/structures/ST196_Dhingeshwar_Mahadev_Temple_&_Shail_Gufao/img1.jpg,structure image
IMG272,structure,ST196,images/structures/ST196_Dhingeshwar_Mahadev_Temple_&_Shail_Gufao/img2.jpg,structure image
IMG273,structure,ST196,images/structures/ST196_Dhingeshwar_Mahadev_Temple_&_Shail_Gufao/img3.jpg,structure image
IMG274,structure,ST197,images/structures/ST197_Panoti_Temple/img1.jpg,structure image
IMG275,structure,ST197,images/structures/ST197_Panoti_Temple/img2.jpg,structure image
IMG276,structure,ST197,images/structures/ST197_Panoti_Temple/img3.jpg,structure image
IMG277,structure,ST198,images/structures/ST198_Shani_Vav/img1.jpg,structure image
IMG278,structure,ST198,images/structures/ST198_Shani_Vav/img2.jpg,structure image
IMG279,structure,ST198,images/structures/ST198_Shani_Vav/img3.jpg,structure image
IMG280,structure,ST199,images/structures/ST199_Mound_(Modpar)/img1.jpg,structure image
IMG281,structure,ST199,images/structures/ST199_Mound_(Modpar)/img2.jpg,structure image
IMG282,structure,ST199,images/structures/ST199_Mound_(Modpar)/img3.jpg,structure image
IMG283,structure,ST200,images/structures/ST200_Temple_&_Two_Inscriptions_(Ajara_Parshwanath)/img1.jpg,structure image
IMG284,structure,ST200,images/structures/ST200_Temple_&_Two_Inscriptions_(Ajara_Parshwanath)/img2.jpg,structure image
IMG285,structure,ST200,images/structures/ST200_Temple_&_Two_Inscriptions_(Ajara_Parshwanath)/img3.jpg,structure image
IMG286,structure,ST201,images/structures/ST201_Seven_Basins_of_Hot_Water_(Kunds)/img1.jpg,structure image
IMG287,structure,ST201,images/structures/ST201_Seven_Basins_of_Hot_Water_(Kunds)/img2.jpg,structure image
IMG288,structure,ST201,images/structures/ST201_Seven_Basins_of_Hot_Water_(Kunds)/img3.jpg,structure image
IMG289,structure,ST203,images/structures/ST203_Bhimchas/img1.jpg,structure image
IMG290,structure,ST203,images/structures/ST203_Bhimchas/img2.jpg,structure image
IMG291,structure,ST203,images/structures/ST203_Bhimchas/img3.jpg,structure image
IMG292,structure,ST204,images/structures/ST204_Gupta_Prayag/img1.jpg,structure image
IMG293,structure,ST204,images/structures/ST204_Gupta_Prayag/img2.jpg,structure image
IMG294,structure,ST204,images/structures/ST204_Gupta_Prayag/img3.jpg,structure image
IMG295,structure,ST205,images/structures/ST205_Gupta_Prayag_Kund/img1.jpg,structure image
IMG296,structure,ST205,images/structures/ST205_Gupta_Prayag_Kund/img2.jpg,structure image
IMG297,structure,ST205,images/structures/ST205_Gupta_Prayag_Kund/img3.jpg,structure image
IMG298,structure,ST206,images/structures/ST206_Jumma_Masjid/img1.jpg,structure image
IMG299,structure,ST206,images/structures/ST206_Jumma_Masjid/img2.jpg,structure image
IMG300,structure,ST206,images/structures/ST206_Jumma_Masjid/img3.jpg,structure image
IMG301,structure,ST207,images/structures/ST207_Minaravali_Masjid/img1.jpg,structure image
IMG302,structure,ST207,images/structures/ST207_Minaravali_Masjid/img2.jpg,structure image
IMG303,structure,ST207,images/structures/ST207_Minaravali_Masjid/img3.jpg,structure image
IMG304,structure,ST208,images/structures/ST208_Vejal_Kotho/img1.jpg,structure image
IMG305,structure,ST208,images/structures/ST208_Vejal_Kotho/img2.jpg,structure image
IMG306,structure,ST208,images/structures/ST208_Vejal_Kotho/img3.jpg,structure image
IMG307,structure,ST209,images/structures/ST209_Shah_Kotho/img1.jpg,structure image
IMG308,structure,ST209,images/structures/ST209_Shah_Kotho/img2.jpg,structure image
IMG309,structure,ST209,images/structures/ST209_Shah_Kotho/img3.jpg,structure image
IMG310,structure,ST210,images/structures/ST210_Sana_Caves/img1.jpg,structure image
IMG311,structure,ST210,images/structures/ST210_Sana_Caves/img2.jpg,structure image
IMG312,structure,ST210,images/structures/ST210_Sana_Caves/img3.jpg,structure image
IMG313,structure,ST211,images/structures/ST211_Two_Stone_Inscriptions_on_Jumma_Masjid/img1.jpg,structure image
IMG314,structure,ST211,images/structures/ST211_Two_Stone_Inscriptions_on_Jumma_Masjid/img2.jpg,structure image
IMG315,structure,ST211,images/structures/ST211_Two_Stone_Inscriptions_on_Jumma_Masjid/img3.jpg,structure image
IMG316,structure,ST212,images/structures/ST212_Two_Idols_of_Kshetrapal_At_Vav_(Pujari_Vav)/img1.jpg,structure image
IMG317,structure,ST212,images/structures/ST212_Two_Idols_of_Kshetrapal_At_Vav_(Pujari_Vav)/img2.jpg,structure image
IMG318,structure,ST212,images/structures/ST212_Two_Idols_of_Kshetrapal_At_Vav_(Pujari_Vav)/img3.jpg,structure image
IMG319,structure,ST213,images/structures/ST213_Adi_Kadi_Vav/img1.jpg,structure image
IMG320,structure,ST213,images/structures/ST213_Adi_Kadi_Vav/img2.jpg,structure image
IMG321,structure,ST213,images/structures/ST213_Adi_Kadi_Vav/img3.jpg,structure image
IMG322,structure,ST214,images/structures/ST214_Jumma_Masjid_&_Cannon_(Neelam_And_Kadanal)/img1.jpg,structure image
IMG323,structure,ST214,images/structures/ST214_Jumma_Masjid_&_Cannon_(Neelam_And_Kadanal)/img2.jpg,structure image
IMG324,structure,ST214,images/structures/ST214_Jumma_Masjid_&_Cannon_(Neelam_And_Kadanal)/img3.jpg,structure image
IMG325,structure,ST215,images/structures/ST215_Navghan_Kuvo_(Well)/img1.jpg,structure image
IMG326,structure,ST215,images/structures/ST215_Navghan_Kuvo_(Well)/img2.jpg,structure image
IMG327,structure,ST215,images/structures/ST215_Navghan_Kuvo_(Well)/img3.jpg,structure image
IMG328,structure,ST217,images/structures/ST217_Laskari_Vav/img1.jpg,structure image
IMG329,structure,ST217,images/structures/ST217_Laskari_Vav/img2.jpg,structure image
IMG330,structure,ST217,images/structures/ST217_Laskari_Vav/img3.jpg,structure image
IMG331,structure,ST219,images/structures/ST219_Damodar_Kund/img1.jpg,structure image
IMG332,structure,ST219,images/structures/ST219_Damodar_Kund/img2.jpg,structure image
IMG333,structure,ST219,images/structures/ST219_Damodar_Kund/img3.jpg,structure image
IMG334,structure,ST220,images/structures/ST220_Datar_no_Chilo/img1.jpg,structure image
IMG335,structure,ST220,images/structures/ST220_Datar_no_Chilo/img2.jpg,structure image
IMG336,structure,ST220,images/structures/ST220_Datar_no_Chilo/img3.jpg,structure image
IMG337,structure,ST221,images/structures/ST221_Boria_Buddhistic_Monument_Lakhamedi_&_Vadi-Lakhamedi/img1.jpg,structure image
IMG338,structure,ST221,images/structures/ST221_Boria_Buddhistic_Monument_Lakhamedi_&_Vadi-Lakhamedi/img2.jpg,structure image
IMG339,structure,ST221,images/structures/ST221_Boria_Buddhistic_Monument_Lakhamedi_&_Vadi-Lakhamedi/img3.jpg,structure image
IMG340,structure,ST222,images/structures/ST222_Dhori_(Peer)_Makbaro/img1.jpg,structure image
IMG341,structure,ST222,images/structures/ST222_Dhori_(Peer)_Makbaro/img2.jpg,structure image
IMG342,structure,ST222,images/structures/ST222_Dhori_(Peer)_Makbaro/img3.jpg,structure image
IMG343,structure,ST223,images/structures/ST223_Narsinh_Maheta_No_Choro/img1.jpg,structure image
IMG344,structure,ST223,images/structures/ST223_Narsinh_Maheta_No_Choro/img2.jpg,structure image
IMG345,structure,ST223,images/structures/ST223_Narsinh_Maheta_No_Choro/img3.jpg,structure image
IMG346,structure,ST224,images/structures/ST224_Makbara_of_Babi_raja_Before_Nawab_Mahotabkhanji/img1.jpg,structure image
IMG347,structure,ST224,images/structures/ST224_Makbara_of_Babi_raja_Before_Nawab_Mahotabkhanji/img2.jpg,structure image
IMG348,structure,ST224,images/structures/ST224_Makbara_of_Babi_raja_Before_Nawab_Mahotabkhanji/img3.jpg,structure image
IMG349,structure,ST225,images/structures/ST225_Makbara_of_Najubibi_with_Bara_Saiyed_(Najibai_Maqbara)/img1.jpg,structure image
IMG350,structure,ST225,images/structures/ST225_Makbara_of_Najubibi_with_Bara_Saiyed_(Najibai_Maqbara)/img2.jpg,structure image
IMG351,structure,ST225,images/structures/ST225_Makbara_of_Najubibi_with_Bara_Saiyed_(Najibai_Maqbara)/img3.jpg,structure image
IMG352,structure,ST226,images/structures/ST226_Pancheshwar_Caves/img1.jpg,structure image
IMG353,structure,ST226,images/structures/ST226_Pancheshwar_Caves/img2.jpg,structure image
IMG354,structure,ST226,images/structures/ST226_Pancheshwar_Caves/img3.jpg,structure image
IMG355,structure,ST227,images/structures/ST227_Mahabat_Maqbara_complex/img1.jpg,structure image
IMG356,structure,ST227,images/structures/ST227_Mahabat_Maqbara_complex/img2.jpg,structure image
IMG357,structure,ST227,images/structures/ST227_Mahabat_Maqbara_complex/img3.jpg,structure image
IMG358,structure,ST228,images/structures/ST228_Matri_Mata_temple/img1.jpg,structure image
IMG359,structure,ST228,images/structures/ST228_Matri_Mata_temple/img2.jpg,structure image
IMG360,structure,ST228,images/structures/ST228_Matri_Mata_temple/img3.jpg,structure image
IMG361,structure,ST230,images/structures/ST230_Kalika_Mata/img1.jpg,structure image
IMG362,structure,ST230,images/structures/ST230_Kalika_Mata/img2.jpg,structure image
IMG363,structure,ST230,images/structures/ST230_Kalika_Mata/img3.jpg,structure image
IMG364,structure,ST231,images/structures/ST231_Guru_Dattatraya_Shrine/img1.jpg,structure image
IMG365,structure,ST231,images/structures/ST231_Guru_Dattatraya_Shrine/img2.jpg,structure image
IMG366,structure,ST231,images/structures/ST231_Guru_Dattatraya_Shrine/img3.jpg,structure image
IMG367,structure,ST232,images/structures/ST232_Gorakh_Mountain_Top_(Tuk)/img1.jpg,structure image
IMG368,structure,ST232,images/structures/ST232_Gorakh_Mountain_Top_(Tuk)/img2.jpg,structure image
IMG369,structure,ST232,images/structures/ST232_Gorakh_Mountain_Top_(Tuk)/img3.jpg,structure image
IMG370,structure,ST233,images/structures/ST233_Gaumukhi/img1.jpg,structure image
IMG371,structure,ST233,images/structures/ST233_Gaumukhi/img2.jpg,structure image
IMG372,structure,ST233,images/structures/ST233_Gaumukhi/img3.jpg,structure image
IMG373,structure,ST234,images/structures/ST234_Bhim_Kund/img1.jpg,structure image
IMG374,structure,ST234,images/structures/ST234_Bhim_Kund/img2.jpg,structure image
IMG375,structure,ST234,images/structures/ST234_Bhim_Kund/img3.jpg,structure image
IMG376,structure,ST235,images/structures/ST235_Bhairav_Jep_(Hill_Outcrop)/img1.jpg,structure image
IMG377,structure,ST235,images/structures/ST235_Bhairav_Jep_(Hill_Outcrop)/img2.jpg,structure image
IMG378,structure,ST235,images/structures/ST235_Bhairav_Jep_(Hill_Outcrop)/img3.jpg,structure image
IMG379,structure,ST237,images/structures/ST237_Hanuman_Dhara/img1.jpg,structure image
IMG380,structure,ST237,images/structures/ST237_Hanuman_Dhara/img2.jpg,structure image
IMG381,structure,ST237,images/structures/ST237_Hanuman_Dhara/img3.jpg,structure image
IMG382,structure,ST238,images/structures/ST238_Hathi_Pagla(Gajapad_Kund)/img1.jpg,structure image
IMG383,structure,ST238,images/structures/ST238_Hathi_Pagla(Gajapad_Kund)/img2.jpg,structure image
IMG384,structure,ST238,images/structures/ST238_Hathi_Pagla(Gajapad_Kund)/img3.jpg,structure image
IMG385,structure,ST239,images/structures/ST239_Bhimdeval_Sun_Temple/img1.jpg,structure image
IMG386,structure,ST239,images/structures/ST239_Bhimdeval_Sun_Temple/img2.jpg,structure image
IMG387,structure,ST239,images/structures/ST239_Bhimdeval_Sun_Temple/img3.jpg,structure image
IMG388,structure,ST240,images/structures/ST240_Buddhist_Stupa_-_Vajir_Panat_No_Kotho/img1.jpg,structure image
IMG389,structure,ST240,images/structures/ST240_Buddhist_Stupa_-_Vajir_Panat_No_Kotho/img2.jpg,structure image
IMG390,structure,ST240,images/structures/ST240_Buddhist_Stupa_-_Vajir_Panat_No_Kotho/img3.jpg,structure image
IMG391,structure,ST241,images/structures/ST241_Vishnu_Temple/img1.jpg,structure image
IMG392,structure,ST241,images/structures/ST241_Vishnu_Temple/img2.jpg,structure image
IMG393,structure,ST241,images/structures/ST241_Vishnu_Temple/img3.jpg,structure image
IMG394,structure,ST242,images/structures/ST242_Surya_Mandir_No1/img1.jpg,structure image
IMG395,structure,ST242,images/structures/ST242_Surya_Mandir_No1/img2.jpg,structure image
IMG396,structure,ST242,images/structures/ST242_Surya_Mandir_No1/img3.jpg,structure image
IMG397,structure,ST243,images/structures/ST243_Surya_Mandir_No2/img1.jpg,structure image
IMG398,structure,ST243,images/structures/ST243_Surya_Mandir_No2/img2.jpg,structure image
IMG399,structure,ST243,images/structures/ST243_Surya_Mandir_No2/img3.jpg,structure image
IMG400,structure,ST244,images/structures/ST244_Khimeshwar_Mahadev_Temple/img1.jpg,structure image
IMG401,structure,ST244,images/structures/ST244_Khimeshwar_Mahadev_Temple/img2.jpg,structure image
IMG402,structure,ST244,images/structures/ST244_Khimeshwar_Mahadev_Temple/img3.jpg,structure image
IMG403,structure,ST245,images/structures/ST245_Chadeshwar_Mahadev_Temple/img1.jpg,structure image
IMG404,structure,ST245,images/structures/ST245_Chadeshwar_Mahadev_Temple/img2.jpg,structure image
IMG405,structure,ST245,images/structures/ST245_Chadeshwar_Mahadev_Temple/img3.jpg,structure image
IMG406,structure,ST246,images/structures/ST246_Dhigeshwar_Mahadev_Temple/img1.jpg,structure image
IMG407,structure,ST246,images/structures/ST246_Dhigeshwar_Mahadev_Temple/img2.jpg,structure image
IMG408,structure,ST246,images/structures/ST246_Dhigeshwar_Mahadev_Temple/img3.jpg,structure image
IMG409,structure,ST247,images/structures/ST247_House_of_Smt_Kasturba_Gandhi/img1.jpg,structure image
IMG410,structure,ST247,images/structures/ST247_House_of_Smt_Kasturba_Gandhi/img2.jpg,structure image
IMG411,structure,ST247,images/structures/ST247_House_of_Smt_Kasturba_Gandhi/img3.jpg,structure image
IMG412,structure,ST248,images/structures/ST248_Sartanji_no_Choro/img1.jpg,structure image
IMG413,structure,ST248,images/structures/ST248_Sartanji_no_Choro/img2.jpg,structure image
IMG414,structure,ST248,images/structures/ST248_Sartanji_no_Choro/img3.jpg,structure image
IMG415,structure,ST249,images/structures/ST249_Surya_Mandir/img1.jpg,structure image
IMG416,structure,ST249,images/structures/ST249_Surya_Mandir/img2.jpg,structure image
IMG417,structure,ST249,images/structures/ST249_Surya_Mandir/img3.jpg,structure image
IMG418,structure,ST250,images/structures/ST250_Jaleshwar_Mahadev_Temple/img1.jpg,structure image
IMG419,structure,ST250,images/structures/ST250_Jaleshwar_Mahadev_Temple/img2.jpg,structure image
IMG420,structure,ST250,images/structures/ST250_Jaleshwar_Mahadev_Temple/img3.jpg,structure image
IMG421,structure,ST251,images/structures/ST251_Five_Temples/img1.jpg,structure image
IMG422,structure,ST251,images/structures/ST251_Five_Temples/img2.jpg,structure image
IMG423,structure,ST251,images/structures/ST251_Five_Temples/img3.jpg,structure image
IMG424,structure,ST252,images/structures/ST252_Nandeshwar_Mahadev/img1.jpg,structure image
IMG425,structure,ST252,images/structures/ST252_Nandeshwar_Mahadev/img2.jpg,structure image
IMG426,structure,ST252,images/structures/ST252_Nandeshwar_Mahadev/img3.jpg,structure image
IMG427,structure,ST253,images/structures/ST253_Chamunda_Mata_Temple/img1.jpg,structure image
IMG428,structure,ST253,images/structures/ST253_Chamunda_Mata_Temple/img2.jpg,structure image
IMG429,structure,ST253,images/structures/ST253_Chamunda_Mata_Temple/img3.jpg,structure image
IMG430,structure,ST255,images/structures/ST255_Ancient_Temple/img1.jpg,structure image
IMG431,structure,ST255,images/structures/ST255_Ancient_Temple/img2.jpg,structure image
IMG432,structure,ST255,images/structures/ST255_Ancient_Temple/img3.jpg,structure image
IMG433,structure,ST256,images/structures/ST256_Ancient_Temple/img1.jpg,structure image
IMG434,structure,ST256,images/structures/ST256_Ancient_Temple/img2.jpg,structure image
IMG435,structure,ST256,images/structures/ST256_Ancient_Temple/img3.jpg,structure image
IMG436,structure,ST257,images/structures/ST257_Panchayatan_Mandir/img1.jpg,structure image
IMG437,structure,ST257,images/structures/ST257_Panchayatan_Mandir/img2.jpg,structure image
IMG438,structure,ST257,images/structures/ST257_Panchayatan_Mandir/img3.jpg,structure image
IMG439,structure,ST258,images/structures/ST258_Vav/img1.jpg,structure image
IMG440,structure,ST258,images/structures/ST258_Vav/img2.jpg,structure image
IMG441,structure,ST258,images/structures/ST258_Vav/img3.jpg,structure image
IMG442,structure,ST261,images/structures/ST261_Jhadeshwar_Mahadev_Temple/img1.jpg,structure image
IMG443,structure,ST261,images/structures/ST261_Jhadeshwar_Mahadev_Temple/img2.jpg,structure image
IMG444,structure,ST261,images/structures/ST261_Jhadeshwar_Mahadev_Temple/img3.jpg,structure image
IMG445,structure,ST262,images/structures/ST262_Bileshwar_Mahadev_Temple/img1.jpg,structure image
IMG446,structure,ST262,images/structures/ST262_Bileshwar_Mahadev_Temple/img2.jpg,structure image
IMG447,structure,ST262,images/structures/ST262_Bileshwar_Mahadev_Temple/img3.jpg,structure image
IMG448,structure,ST263,images/structures/ST263_Jambuvanti_Caves/img1.jpg,structure image
IMG449,structure,ST263,images/structures/ST263_Jambuvanti_Caves/img2.jpg,structure image
IMG450,structure,ST263,images/structures/ST263_Jambuvanti_Caves/img3.jpg,structure image
IMG451,structure,ST266,images/structures/ST266_Ra'Khengar_Palace/img1.jpg,structure image
IMG452,structure,ST266,images/structures/ST266_Ra'Khengar_Palace/img2.jpg,structure image
IMG453,structure,ST266,images/structures/ST266_Ra'Khengar_Palace/img3.jpg,structure image
IMG454,structure,ST268,images/structures/ST268_Surya_Kund/img1.jpg,structure image
IMG455,structure,ST268,images/structures/ST268_Surya_Kund/img2.jpg,structure image
IMG456,structure,ST268,images/structures/ST268_Surya_Kund/img3.jpg,structure image
IMG457,structure,ST269,images/structures/ST269_Ra_Khengar_Vav/img1.jpg,structure image
IMG458,structure,ST269,images/structures/ST269_Ra_Khengar_Vav/img2.jpg,structure image
IMG459,structure,ST269,images/structures/ST269_Ra_Khengar_Vav/img3.jpg,structure image
IMG460,structure,ST270,images/structures/ST270_Caves_of_Hothal_Padmini/img1.jpg,structure image
IMG461,structure,ST270,images/structures/ST270_Caves_of_Hothal_Padmini/img2.jpg,structure image
IMG462,structure,ST270,images/structures/ST270_Caves_of_Hothal_Padmini/img3.jpg,structure image
IMG463,structure,ST271,images/structures/ST271_Ancient_Temples_(Omnath_Mahadev_temple)/img1.jpg,structure image
IMG464,structure,ST271,images/structures/ST271_Ancient_Temples_(Omnath_Mahadev_temple)/img2.jpg,structure image
IMG465,structure,ST271,images/structures/ST271_Ancient_Temples_(Omnath_Mahadev_temple)/img3.jpg,structure image
IMG466,structure,ST272,images/structures/ST272_Tomb_of_Malik_Ayaz/img1.jpg,structure image
IMG467,structure,ST272,images/structures/ST272_Tomb_of_Malik_Ayaz/img2.jpg,structure image
IMG468,structure,ST272,images/structures/ST272_Tomb_of_Malik_Ayaz/img3.jpg,structure image
IMG469,structure,ST273,images/structures/ST273_Kalikamata_Temple/img1.jpg,structure image
IMG470,structure,ST273,images/structures/ST273_Kalikamata_Temple/img2.jpg,structure image
IMG471,structure,ST273,images/structures/ST273_Kalikamata_Temple/img3.jpg,structure image
IMG472,structure,ST274,images/structures/ST274_Bilingual_Stone_Inscription_at_Gayatri_Temple/img1.jpg,structure image
IMG473,structure,ST274,images/structures/ST274_Bilingual_Stone_Inscription_at_Gayatri_Temple/img2.jpg,structure image
IMG474,structure,ST274,images/structures/ST274_Bilingual_Stone_Inscription_at_Gayatri_Temple/img3.jpg,structure image
IMG475,structure,ST275,images/structures/ST275_Prachi_Kund/img1.jpg,structure image
IMG476,structure,ST275,images/structures/ST275_Prachi_Kund/img2.jpg,structure image
IMG477,structure,ST275,images/structures/ST275_Prachi_Kund/img3.jpg,structure image
IMG478,structure,ST276,images/structures/ST276_Mool_Prachi/img1.jpg,structure image
IMG479,structure,ST276,images/structures/ST276_Mool_Prachi/img2.jpg,structure image
IMG480,structure,ST276,images/structures/ST276_Mool_Prachi/img3.jpg,structure image
IMG481,structure,ST277,images/structures/ST277_Stone_Inscription_at_Jumma_Masjid_(HS732)/img1.jpg,structure image
IMG482,structure,ST277,images/structures/ST277_Stone_Inscription_at_Jumma_Masjid_(HS732)/img2.jpg,structure image
IMG483,structure,ST277,images/structures/ST277_Stone_Inscription_at_Jumma_Masjid_(HS732)/img3.jpg,structure image
IMG484,structure,ST278,images/structures/ST278_Gorakhnath_Mahadev/img1.jpg,structure image
IMG485,structure,ST278,images/structures/ST278_Gorakhnath_Mahadev/img2.jpg,structure image
IMG486,structure,ST278,images/structures/ST278_Gorakhnath_Mahadev/img3.jpg,structure image
IMG487,structure,ST279,images/structures/ST279_Jain_Temple/img1.jpg,structure image
IMG488,structure,ST279,images/structures/ST279_Jain_Temple/img2.jpg,structure image
IMG489,structure,ST279,images/structures/ST279_Jain_Temple/img3.jpg,structure image
IMG490,structure,ST280,images/structures/ST280_Talav/img1.jpg,structure image
IMG491,structure,ST280,images/structures/ST280_Talav/img2.jpg,structure image
IMG492,structure,ST280,images/structures/ST280_Talav/img3.jpg,structure image
IMG493,structure,ST281,images/structures/ST281_Mound_of_Nagara/img1.jpg,structure image
IMG494,structure,ST281,images/structures/ST281_Mound_of_Nagara/img2.jpg,structure image
IMG495,structure,ST281,images/structures/ST281_Mound_of_Nagara/img3.jpg,structure image
IMG496,structure,ST282,images/structures/ST282_Nek_Mahommad_Masjid/img1.jpg,structure image
IMG497,structure,ST282,images/structures/ST282_Nek_Mahommad_Masjid/img2.jpg,structure image
IMG498,structure,ST282,images/structures/ST282_Nek_Mahommad_Masjid/img3.jpg,structure image
IMG499,structure,ST283,images/structures/ST283_Ancient_Caves/img1.jpg,structure image
IMG500,structure,ST283,images/structures/ST283_Ancient_Caves/img2.jpg,structure image
IMG501,structure,ST283,images/structures/ST283_Ancient_Caves/img3.jpg,structure image
IMG502,structure,ST284,images/structures/ST284_Ancient_Jain_Temple/img1.jpg,structure image
IMG503,structure,ST284,images/structures/ST284_Ancient_Jain_Temple/img2.jpg,structure image
IMG504,structure,ST284,images/structures/ST284_Ancient_Jain_Temple/img3.jpg,structure image
IMG505,structure,ST286,images/structures/ST286_Maipuri_Masjid/img1.jpg,structure image
IMG506,structure,ST286,images/structures/ST286_Maipuri_Masjid/img2.jpg,structure image
IMG507,structure,ST286,images/structures/ST286_Maipuri_Masjid/img3.jpg,structure image
IMG508,structure,ST287,images/structures/ST287_Shah_Makbara/img1.jpg,structure image
IMG509,structure,ST287,images/structures/ST287_Shah_Makbara/img2.jpg,structure image
IMG510,structure,ST287,images/structures/ST287_Shah_Makbara/img3.jpg,structure image
IMG511,structure,ST288,images/structures/ST288_Stone_Inscription_at_Mussafar_Masjid/img1.jpg,structure image
IMG512,structure,ST288,images/structures/ST288_Stone_Inscription_at_Mussafar_Masjid/img2.jpg,structure image
IMG513,structure,ST288,images/structures/ST288_Stone_Inscription_at_Mussafar_Masjid/img3.jpg,structure image
IMG514,structure,ST291,images/structures/ST291_Rudreshwar/img1.jpg,structure image
IMG515,structure,ST291,images/structures/ST291_Rudreshwar/img2.jpg,structure image
IMG516,structure,ST291,images/structures/ST291_Rudreshwar/img3.jpg,structure image
IMG517,structure,ST292,images/structures/ST292_Veneshwar_Mahadev_Temple/img1.jpg,structure image
IMG518,structure,ST292,images/structures/ST292_Veneshwar_Mahadev_Temple/img2.jpg,structure image
IMG519,structure,ST292,images/structures/ST292_Veneshwar_Mahadev_Temple/img3.jpg,structure image
IMG520,structure,ST293,images/structures/ST293_Veraval_Gate/img1.jpg,structure image
IMG521,structure,ST293,images/structures/ST293_Veraval_Gate/img2.jpg,structure image
IMG522,structure,ST293,images/structures/ST293_Veraval_Gate/img3.jpg,structure image
IMG523,structure,ST295,images/structures/ST295_Surya_Mandir_(Sun_Temple)/img1.jpg,structure image
IMG524,structure,ST295,images/structures/ST295_Surya_Mandir_(Sun_Temple)/img2.jpg,structure image
IMG525,structure,ST295,images/structures/ST295_Surya_Mandir_(Sun_Temple)/img3.jpg,structure image
IMG526,structure,ST296,images/structures/ST296_Mound_of_Sav/img1.jpg,structure image
IMG527,structure,ST296,images/structures/ST296_Mound_of_Sav/img2.jpg,structure image
IMG528,structure,ST296,images/structures/ST296_Mound_of_Sav/img3.jpg,structure image
IMG529,structure,ST297,images/structures/ST297_Jumma_Masjid/img1.jpg,structure image
IMG530,structure,ST297,images/structures/ST297_Jumma_Masjid/img2.jpg,structure image
IMG531,structure,ST297,images/structures/ST297_Jumma_Masjid/img3.jpg,structure image
IMG532,structure,ST298,images/structures/ST298_Stone_Inscription_at_Harshadmata_Temple/img1.jpg,structure image
IMG533,structure,ST298,images/structures/ST298_Stone_Inscription_at_Harshadmata_Temple/img2.jpg,structure image
IMG534,structure,ST298,images/structures/ST298_Stone_Inscription_at_Harshadmata_Temple/img3.jpg,structure image
IMG535,structure,ST299,images/structures/ST299_Bauddha_Gufa_(Caves)_of_Mandore/img1.jpg,structure image
IMG536,structure,ST299,images/structures/ST299_Bauddha_Gufa_(Caves)_of_Mandore/img2.jpg,structure image
IMG537,structure,ST299,images/structures/ST299_Bauddha_Gufa_(Caves)_of_Mandore/img3.jpg,structure image
IMG538,structure,ST300,images/structures/ST300_Chyavan_Kund/img1.jpg,structure image
IMG539,structure,ST300,images/structures/ST300_Chyavan_Kund/img2.jpg,structure image
IMG540,structure,ST300,images/structures/ST300_Chyavan_Kund/img3.jpg,structure image
IMG541,structure,ST301,images/structures/ST301_Navdurga_Temple/img1.jpg,structure image
IMG542,structure,ST301,images/structures/ST301_Navdurga_Temple/img2.jpg,structure image
IMG543,structure,ST301,images/structures/ST301_Navdurga_Temple/img3.jpg,structure image
IMG544,structure,ST302,images/structures/ST302_Chaumukhi_Vav/img1.jpg,structure image
IMG545,structure,ST302,images/structures/ST302_Chaumukhi_Vav/img2.jpg,structure image
IMG546,structure,ST302,images/structures/ST302_Chaumukhi_Vav/img3.jpg,structure image
IMG547,structure,ST303,images/structures/ST303_Temple_Near_Talav/img1.jpg,structure image
IMG548,structure,ST303,images/structures/ST303_Temple_Near_Talav/img2.jpg,structure image
IMG549,structure,ST303,images/structures/ST303_Temple_Near_Talav/img3.jpg,structure image
IMG550,structure,ST304,images/structures/ST304_Tarnetar_Temple/img1.jpg,structure image
IMG551,structure,ST304,images/structures/ST304_Tarnetar_Temple/img2.jpg,structure image
IMG552,structure,ST304,images/structures/ST304_Tarnetar_Temple/img3.jpg,structure image
IMG553,structure,ST305,images/structures/ST305_Munibaba_Temple_(Munim_deval)/img1.jpg,structure image
IMG554,structure,ST305,images/structures/ST305_Munibaba_Temple_(Munim_deval)/img2.jpg,structure image
IMG555,structure,ST305,images/structures/ST305_Munibaba_Temple_(Munim_deval)/img3.jpg,structure image
IMG556,structure,ST306,images/structures/ST306_Panchayatan_Temple/img1.jpg,structure image
IMG557,structure,ST306,images/structures/ST306_Panchayatan_Temple/img2.jpg,structure image
IMG558,structure,ST306,images/structures/ST306_Panchayatan_Temple/img3.jpg,structure image
IMG559,structure,ST307,images/structures/ST307_Caves/img1.jpg,structure image
IMG560,structure,ST307,images/structures/ST307_Caves/img2.jpg,structure image
IMG561,structure,ST307,images/structures/ST307_Caves/img3.jpg,structure image
IMG562,structure,ST308,images/structures/ST308_Jeen_Darwajo/img1.jpg,structure image
IMG563,structure,ST308,images/structures/ST308_Jeen_Darwajo/img2.jpg,structure image
IMG564,structure,ST308,images/structures/ST308_Jeen_Darwajo/img3.jpg,structure image
IMG565,structure,ST309,images/structures/ST309_Dink_Darwajo/img1.jpg,structure image
IMG566,structure,ST309,images/structures/ST309_Dink_Darwajo/img2.jpg,structure image
IMG567,structure,ST309,images/structures/ST309_Dink_Darwajo/img3.jpg,structure image
IMG568,structure,ST310,images/structures/ST310_South_Gates_(Dakhkhani_Darwaja)/img1.jpg,structure image
IMG569,structure,ST310,images/structures/ST310_South_Gates_(Dakhkhani_Darwaja)/img2.jpg,structure image
IMG570,structure,ST310,images/structures/ST310_South_Gates_(Dakhkhani_Darwaja)/img3.jpg,structure image
IMG571,structure,ST311,images/structures/ST311_West_Gates/img1.jpg,structure image
IMG572,structure,ST311,images/structures/ST311_West_Gates/img2.jpg,structure image
IMG573,structure,ST311,images/structures/ST311_West_Gates/img3.jpg,structure image
IMG574,structure,ST312,images/structures/ST312_Madapol_Gates/img1.jpg,structure image
IMG575,structure,ST312,images/structures/ST312_Madapol_Gates/img2.jpg,structure image
IMG576,structure,ST312,images/structures/ST312_Madapol_Gates/img3.jpg,structure image
IMG577,structure,ST313,images/structures/ST313_Rajeshwari_Gates/img1.jpg,structure image
IMG578,structure,ST313,images/structures/ST313_Rajeshwari_Gates/img2.jpg,structure image
IMG579,structure,ST313,images/structures/ST313_Rajeshwari_Gates/img3.jpg,structure image
IMG580,structure,ST314,images/structures/ST314_Sarovar/img1.jpg,structure image
IMG581,structure,ST314,images/structures/ST314_Sarovar/img2.jpg,structure image
IMG582,structure,ST314,images/structures/ST314_Sarovar/img3.jpg,structure image
IMG583,structure,ST315,images/structures/ST315_Jeenand_Kund_(Two)/img1.jpg,structure image
IMG584,structure,ST315,images/structures/ST315_Jeenand_Kund_(Two)/img2.jpg,structure image
IMG585,structure,ST315,images/structures/ST315_Jeenand_Kund_(Two)/img3.jpg,structure image
IMG586,structure,ST316,images/structures/ST316_Remains_of_Ancient_Gates/img1.jpg,structure image
IMG587,structure,ST316,images/structures/ST316_Remains_of_Ancient_Gates/img2.jpg,structure image
IMG588,structure,ST316,images/structures/ST316_Remains_of_Ancient_Gates/img3.jpg,structure image
IMG589,structure,ST317,images/structures/ST317_Matri_Vav/img1.jpg,structure image
IMG590,structure,ST317,images/structures/ST317_Matri_Vav/img2.jpg,structure image
IMG591,structure,ST317,images/structures/ST317_Matri_Vav/img3.jpg,structure image
IMG592,structure,ST318,images/structures/ST318_Chandrisar_Talav/img1.jpg,structure image
IMG593,structure,ST318,images/structures/ST318_Chandrisar_Talav/img2.jpg,structure image
IMG594,structure,ST318,images/structures/ST318_Chandrisar_Talav/img3.jpg,structure image
IMG595,structure,ST319,images/structures/ST319_Ancient_Vav/img1.jpg,structure image
IMG596,structure,ST319,images/structures/ST319_Ancient_Vav/img2.jpg,structure image
IMG597,structure,ST319,images/structures/ST319_Ancient_Vav/img3.jpg,structure image
IMG598,structure,ST320,images/structures/ST320_Gramdevi_Temple/img1.jpg,structure image
IMG599,structure,ST320,images/structures/ST320_Gramdevi_Temple/img2.jpg,structure image
IMG600,structure,ST320,images/structures/ST320_Gramdevi_Temple/img3.jpg,structure image
IMG601,structure,ST321,images/structures/ST321_Gangavo_Kund/img1.jpg,structure image
IMG602,structure,ST321,images/structures/ST321_Gangavo_Kund/img2.jpg,structure image
IMG603,structure,ST321,images/structures/ST321_Gangavo_Kund/img3.jpg,structure image
IMG604,structure,ST322,images/structures/ST322_Manava_Mama_Temple/img1.jpg,structure image
IMG605,structure,ST322,images/structures/ST322_Manava_Mama_Temple/img2.jpg,structure image
IMG606,structure,ST322,images/structures/ST322_Manava_Mama_Temple/img3.jpg,structure image
IMG607,structure,ST323,images/structures/ST323_Rataba_alias_Rajbai_Vav/img1.jpg,structure image
IMG608,structure,ST323,images/structures/ST323_Rataba_alias_Rajbai_Vav/img2.jpg,structure image
IMG609,structure,ST323,images/structures/ST323_Rataba_alias_Rajbai_Vav/img3.jpg,structure image
IMG610,structure,ST324,images/structures/ST324_Ganga_Vav/img1.jpg,structure image
IMG611,structure,ST324,images/structures/ST324_Ganga_Vav/img2.jpg,structure image
IMG612,structure,ST324,images/structures/ST324_Ganga_Vav/img3.jpg,structure image
IMG613,structure,ST325,images/structures/ST325_Madhavav/img1.jpg,structure image
IMG614,structure,ST325,images/structures/ST325_Madhavav/img2.jpg,structure image
IMG615,structure,ST325,images/structures/ST325_Madhavav/img3.jpg,structure image
IMG616,structure,ST326,images/structures/ST326_Vav/img1.jpg,structure image
IMG617,structure,ST326,images/structures/ST326_Vav/img2.jpg,structure image
IMG618,structure,ST326,images/structures/ST326_Vav/img3.jpg,structure image
IMG619,structure,ST327,images/structures/ST327_Sundari_Bhavani_Temple/img1.jpg,structure image
IMG620,structure,ST327,images/structures/ST327_Sundari_Bhavani_Temple/img2.jpg,structure image
IMG621,structure,ST327,images/structures/ST327_Sundari_Bhavani_Temple/img3.jpg,structure image
IMG622,structure,ST329,images/structures/ST329_Ancient_Vav_at_Sharneshwar_Temple/img1.jpg,structure image
IMG623,structure,ST329,images/structures/ST329_Ancient_Vav_at_Sharneshwar_Temple/img2.jpg,structure image
IMG624,structure,ST329,images/structures/ST329_Ancient_Vav_at_Sharneshwar_Temple/img3.jpg,structure image
IMG625,structure,ST330,images/structures/ST330_Tom_Coryat_Makbaro_(Thomas_Coryat's_Tomb)/img1.jpg,structure image
IMG626,structure,ST330,images/structures/ST330_Tom_Coryat_Makbaro_(Thomas_Coryat's_Tomb)/img2.jpg,structure image
IMG627,structure,ST330,images/structures/ST330_Tom_Coryat_Makbaro_(Thomas_Coryat's_Tomb)/img3.jpg,structure image
IMG628,structure,ST331,images/structures/ST331_Radhakrishna_Temple/img1.jpg,structure image
IMG629,structure,ST331,images/structures/ST331_Radhakrishna_Temple/img2.jpg,structure image
IMG630,structure,ST331,images/structures/ST331_Radhakrishna_Temple/img3.jpg,structure image
IMG631,structure,ST333,images/structures/ST333_Arjun_Chori_(Shiva_Temple)/img1.jpg,structure image
IMG632,structure,ST333,images/structures/ST333_Arjun_Chori_(Shiva_Temple)/img2.jpg,structure image
IMG633,structure,ST333,images/structures/ST333_Arjun_Chori_(Shiva_Temple)/img3.jpg,structure image
IMG634,structure,ST334,images/structures/ST334_Kund_(Hidimba_Kund)/img1.jpg,structure image
IMG635,structure,ST334,images/structures/ST334_Kund_(Hidimba_Kund)/img2.jpg,structure image
IMG636,structure,ST334,images/structures/ST334_Kund_(Hidimba_Kund)/img3.jpg,structure image
IMG637,structure,ST335,images/structures/ST335_Temple_with_Three_Entrances_(Hidimba_Temple)/img1.jpg,structure image
IMG638,structure,ST335,images/structures/ST335_Temple_with_Three_Entrances_(Hidimba_Temple)/img2.jpg,structure image
IMG639,structure,ST335,images/structures/ST335_Temple_with_Three_Entrances_(Hidimba_Temple)/img3.jpg,structure image
IMG640,structure,ST336,images/structures/ST336_Ancient_Temple_(Ghummatvalu_Mandir)/img1.jpg,structure image
IMG641,structure,ST336,images/structures/ST336_Ancient_Temple_(Ghummatvalu_Mandir)/img2.jpg,structure image
IMG642,structure,ST336,images/structures/ST336_Ancient_Temple_(Ghummatvalu_Mandir)/img3.jpg,structure image
IMG643,structure,ST337,images/structures/ST337_Bhim_Chori_(Shiva_Temple)/img1.jpg,structure image
IMG644,structure,ST337,images/structures/ST337_Bhim_Chori_(Shiva_Temple)/img2.jpg,structure image
IMG645,structure,ST337,images/structures/ST337_Bhim_Chori_(Shiva_Temple)/img3.jpg,structure image
IMG646,structure,ST338,images/structures/ST338_Vahu_Ni_Vav/img1.jpg,structure image
IMG647,structure,ST338,images/structures/ST338_Vahu_Ni_Vav/img2.jpg,structure image
IMG648,structure,ST338,images/structures/ST338_Vahu_Ni_Vav/img3.jpg,structure image
IMG649,structure,ST339,images/structures/ST339_Shikar_Madhi/img1.jpg,structure image
IMG650,structure,ST339,images/structures/ST339_Shikar_Madhi/img2.jpg,structure image
IMG651,structure,ST339,images/structures/ST339_Shikar_Madhi/img3.jpg,structure image
IMG652,structure,ST340,images/structures/ST340_Temple_with_stone_Inscription_(Kaleshwari_Mata_Temple)/img1.jpg,structure image
IMG653,structure,ST340,images/structures/ST340_Temple_with_stone_Inscription_(Kaleshwari_Mata_Temple)/img2.jpg,structure image
IMG654,structure,ST340,images/structures/ST340_Temple_with_stone_Inscription_(Kaleshwari_Mata_Temple)/img3.jpg,structure image
IMG655,structure,ST341,images/structures/ST341_Sasu_Ni_Vav/img1.jpg,structure image
IMG656,structure,ST341,images/structures/ST341_Sasu_Ni_Vav/img2.jpg,structure image
IMG657,structure,ST341,images/structures/ST341_Sasu_Ni_Vav/img3.jpg,structure image
IMG658,structure,ST342,images/structures/ST342_Ancient_temple_no1/img1.jpg,structure image
IMG659,structure,ST342,images/structures/ST342_Ancient_temple_no1/img2.jpg,structure image
IMG660,structure,ST342,images/structures/ST342_Ancient_temple_no1/img3.jpg,structure image
IMG661,structure,ST343,images/structures/ST343_Ancient_temple_no2/img1.jpg,structure image
IMG662,structure,ST343,images/structures/ST343_Ancient_temple_no2/img2.jpg,structure image
IMG663,structure,ST343,images/structures/ST343_Ancient_temple_no2/img3.jpg,structure image
IMG664,structure,ST344,images/structures/ST344_Ancient_temple_no3/img1.jpg,structure image
IMG665,structure,ST344,images/structures/ST344_Ancient_temple_no3/img2.jpg,structure image
IMG666,structure,ST344,images/structures/ST344_Ancient_temple_no3/img3.jpg,structure image
IMG667,structure,ST345,images/structures/ST345_Gebanshah_Vav_with_Steps/img1.jpg,structure image
IMG668,structure,ST345,images/structures/ST345_Gebanshah_Vav_with_Steps/img2.jpg,structure image
IMG669,structure,ST345,images/structures/ST345_Gebanshah_Vav_with_Steps/img3.jpg,structure image
IMG670,structure,ST346,images/structures/ST346_Vanzari_Vav/img1.jpg,structure image
IMG671,structure,ST346,images/structures/ST346_Vanzari_Vav/img2.jpg,structure image
IMG672,structure,ST346,images/structures/ST346_Vanzari_Vav/img3.jpg,structure image
IMG673,structure,ST347,images/structures/ST347_Group_of_temples/img1.jpg,structure image
IMG674,structure,ST347,images/structures/ST347_Group_of_temples/img2.jpg,structure image
IMG675,structure,ST347,images/structures/ST347_Group_of_temples/img3.jpg,structure image
IMG676,structure,ST348,images/structures/ST348_Pavagadh_Killa/img1.jpg,structure image
IMG677,structure,ST348,images/structures/ST348_Pavagadh_Killa/img2.jpg,structure image
IMG678,structure,ST348,images/structures/ST348_Pavagadh_Killa/img3.jpg,structure image
IMG679,structure,ST349,images/structures/ST349_Machi_Killa/img1.jpg,structure image
IMG680,structure,ST349,images/structures/ST349_Machi_Killa/img2.jpg,structure image
IMG681,structure,ST349,images/structures/ST349_Machi_Killa/img3.jpg,structure image
IMG682,structure,ST350,images/structures/ST350_Bavaman_Killa/img1.jpg,structure image
IMG683,structure,ST350,images/structures/ST350_Bavaman_Killa/img2.jpg,structure image
IMG684,structure,ST350,images/structures/ST350_Bavaman_Killa/img3.jpg,structure image
IMG685,structure,ST351,images/structures/ST351_Khuneshwar_Killa/img1.jpg,structure image
IMG686,structure,ST351,images/structures/ST351_Khuneshwar_Killa/img2.jpg,structure image
IMG687,structure,ST351,images/structures/ST351_Khuneshwar_Killa/img3.jpg,structure image
IMG688,structure,ST352,images/structures/ST352_Killa_at_Shikar_Bari_and_Ulan_Julan_ki_Chowki/img1.jpg,structure image
IMG689,structure,ST352,images/structures/ST352_Killa_at_Shikar_Bari_and_Ulan_Julan_ki_Chowki/img2.jpg,structure image
IMG690,structure,ST352,images/structures/ST352_Killa_at_Shikar_Bari_and_Ulan_Julan_ki_Chowki/img3.jpg,structure image
IMG691,structure,ST353,images/structures/ST353_Malik_Nagar_ni_Haveli/img1.jpg,structure image
IMG692,structure,ST353,images/structures/ST353_Malik_Nagar_ni_Haveli/img2.jpg,structure image
IMG693,structure,ST353,images/structures/ST353_Malik_Nagar_ni_Haveli/img3.jpg,structure image
IMG694,structure,ST354,images/structures/ST354_Gadi_Kundal_Darwaza/img1.jpg,structure image
IMG695,structure,ST354,images/structures/ST354_Gadi_Kundal_Darwaza/img2.jpg,structure image
IMG696,structure,ST354,images/structures/ST354_Gadi_Kundal_Darwaza/img3.jpg,structure image
IMG697,structure,ST355,images/structures/ST355_Jai_Singh_no_Mahal/img1.jpg,structure image
IMG698,structure,ST355,images/structures/ST355_Jai_Singh_no_Mahal/img2.jpg,structure image
IMG699,structure,ST355,images/structures/ST355_Jai_Singh_no_Mahal/img3.jpg,structure image
IMG700,structure,ST356,images/structures/ST356_Senapati_Ni_Kothi/img1.jpg,structure image
IMG701,structure,ST356,images/structures/ST356_Senapati_Ni_Kothi/img2.jpg,structure image
IMG702,structure,ST356,images/structures/ST356_Senapati_Ni_Kothi/img3.jpg,structure image
IMG703,structure,ST357,images/structures/ST357_Pavilion_on_Medhi_Talav/img1.jpg,structure image
IMG704,structure,ST357,images/structures/ST357_Pavilion_on_Medhi_Talav/img2.jpg,structure image
IMG705,structure,ST357,images/structures/ST357_Pavilion_on_Medhi_Talav/img3.jpg,structure image
IMG706,structure,ST358,images/structures/ST358_Masjid_in_Front_of_Machi_Haveli/img1.jpg,structure image
IMG707,structure,ST358,images/structures/ST358_Masjid_in_Front_of_Machi_Haveli/img2.jpg,structure image
IMG708,structure,ST358,images/structures/ST358_Masjid_in_Front_of_Machi_Haveli/img3.jpg,structure image
IMG709,structure,ST359,images/structures/ST359_Maratha_no_Mahal/img1.jpg,structure image
IMG710,structure,ST359,images/structures/ST359_Maratha_no_Mahal/img2.jpg,structure image
IMG711,structure,ST359,images/structures/ST359_Maratha_no_Mahal/img3.jpg,structure image
IMG712,structure,ST360,images/structures/ST360_Rani_no_Mahal/img1.jpg,structure image
IMG713,structure,ST360,images/structures/ST360_Rani_no_Mahal/img2.jpg,structure image
IMG714,structure,ST360,images/structures/ST360_Rani_no_Mahal/img3.jpg,structure image
IMG715,structure,ST361,images/structures/ST361_Bandh/img1.jpg,structure image
IMG716,structure,ST361,images/structures/ST361_Bandh/img2.jpg,structure image
IMG717,structure,ST361,images/structures/ST361_Bandh/img3.jpg,structure image
IMG718,structure,ST362,images/structures/ST362_Lila_Gumbaj_Pase_ni_Kothi/img1.jpg,structure image
IMG719,structure,ST362,images/structures/ST362_Lila_Gumbaj_Pase_ni_Kothi/img2.jpg,structure image
IMG720,structure,ST362,images/structures/ST362_Lila_Gumbaj_Pase_ni_Kothi/img3.jpg,structure image
IMG721,structure,ST363,images/structures/ST363_Bhangelu_Deru/img1.jpg,structure image
IMG722,structure,ST363,images/structures/ST363_Bhangelu_Deru/img2.jpg,structure image
IMG723,structure,ST363,images/structures/ST363_Bhangelu_Deru/img3.jpg,structure image
IMG724,structure,ST364,images/structures/ST364_Chhatris_Thambla_Nu_Bhoyneru/img1.jpg,structure image
IMG725,structure,ST364,images/structures/ST364_Chhatris_Thambla_Nu_Bhoyneru/img2.jpg,structure image
IMG726,structure,ST364,images/structures/ST364_Chhatris_Thambla_Nu_Bhoyneru/img3.jpg,structure image
IMG727,structure,ST365,images/structures/ST365_Zare-e-Zamin/img1.jpg,structure image
IMG728,structure,ST365,images/structures/ST365_Zare-e-Zamin/img2.jpg,structure image
IMG729,structure,ST365,images/structures/ST365_Zare-e-Zamin/img3.jpg,structure image
IMG730,structure,ST366,images/structures/ST366_Pavilion_South_of_Jami_Masjid/img1.jpg,structure image
IMG731,structure,ST366,images/structures/ST366_Pavilion_South_of_Jami_Masjid/img2.jpg,structure image
IMG732,structure,ST366,images/structures/ST366_Pavilion_South_of_Jami_Masjid/img3.jpg,structure image
IMG733,structure,ST367,images/structures/ST367_Iteri_Masjid_and_Building_near_to_it/img1.jpg,structure image
IMG734,structure,ST367,images/structures/ST367_Iteri_Masjid_and_Building_near_to_it/img2.jpg,structure image
IMG735,structure,ST367,images/structures/ST367_Iteri_Masjid_and_Building_near_to_it/img3.jpg,structure image
IMG736,structure,ST368,images/structures/ST368_Sainiki_Masjid/img1.jpg,structure image
IMG737,structure,ST368,images/structures/ST368_Sainiki_Masjid/img2.jpg,structure image
IMG738,structure,ST368,images/structures/ST368_Sainiki_Masjid/img3.jpg,structure image
IMG739,structure,ST369,images/structures/ST369_Vandra_Masjid/img1.jpg,structure image
IMG740,structure,ST369,images/structures/ST369_Vandra_Masjid/img2.jpg,structure image
IMG741,structure,ST369,images/structures/ST369_Vandra_Masjid/img3.jpg,structure image
IMG742,structure,ST370,images/structures/ST370_Maqbara_Mandvi/img1.jpg,structure image
IMG743,structure,ST370,images/structures/ST370_Maqbara_Mandvi/img2.jpg,structure image
IMG744,structure,ST370,images/structures/ST370_Maqbara_Mandvi/img3.jpg,structure image
IMG745,structure,ST371,images/structures/ST371_Maqbara_Near_Kamani_Masjid/img1.jpg,structure image
IMG746,structure,ST371,images/structures/ST371_Maqbara_Near_Kamani_Masjid/img2.jpg,structure image
IMG747,structure,ST371,images/structures/ST371_Maqbara_Near_Kamani_Masjid/img3.jpg,structure image
IMG748,structure,ST372,images/structures/ST372_Underground_Water_Channel_from_Bandh_to_Kasbin_Talao/img1.jpg,structure image
IMG749,structure,ST372,images/structures/ST372_Underground_Water_Channel_from_Bandh_to_Kasbin_Talao/img2.jpg,structure image
IMG750,structure,ST372,images/structures/ST372_Underground_Water_Channel_from_Bandh_to_Kasbin_Talao/img3.jpg,structure image
IMG751,structure,ST373,images/structures/ST373_Underground_Water_Channel_from_Navlakhi_Talav_to_Jamuna_Kund/img1.jpg,structure image
IMG752,structure,ST373,images/structures/ST373_Underground_Water_Channel_from_Navlakhi_Talav_to_Jamuna_Kund/img2.jpg,structure image
IMG753,structure,ST373,images/structures/ST373_Underground_Water_Channel_from_Navlakhi_Talav_to_Jamuna_Kund/img3.jpg,structure image
IMG754,structure,ST374,images/structures/ST374_Stone_Bridge/img1.jpg,structure image
IMG755,structure,ST374,images/structures/ST374_Stone_Bridge/img2.jpg,structure image
IMG756,structure,ST374,images/structures/ST374_Stone_Bridge/img3.jpg,structure image
IMG757,structure,ST375,images/structures/ST375_Barrack_on_Sariya_Vakhariya/img1.jpg,structure image
IMG758,structure,ST375,images/structures/ST375_Barrack_on_Sariya_Vakhariya/img2.jpg,structure image
IMG759,structure,ST375,images/structures/ST375_Barrack_on_Sariya_Vakhariya/img3.jpg,structure image
IMG760,structure,ST376,images/structures/ST376_Malik_Sandal_Ni_Vav/img1.jpg,structure image
IMG761,structure,ST376,images/structures/ST376_Malik_Sandal_Ni_Vav/img2.jpg,structure image
IMG762,structure,ST376,images/structures/ST376_Malik_Sandal_Ni_Vav/img3.jpg,structure image
IMG763,structure,ST377,images/structures/ST377_Sindh_Mata_Ni_Vav/img1.jpg,structure image
IMG764,structure,ST377,images/structures/ST377_Sindh_Mata_Ni_Vav/img2.jpg,structure image
IMG765,structure,ST377,images/structures/ST377_Sindh_Mata_Ni_Vav/img3.jpg,structure image
IMG766,structure,ST378,images/structures/ST378_Chandralekha_(Surajkala)_Vav/img1.jpg,structure image
IMG767,structure,ST378,images/structures/ST378_Chandralekha_(Surajkala)_Vav/img2.jpg,structure image
IMG768,structure,ST378,images/structures/ST378_Chandralekha_(Surajkala)_Vav/img3.jpg,structure image
IMG769,structure,ST379,images/structures/ST379_Amther_Mata_Temple_&_Small_Temples/img1.jpg,structure image
IMG770,structure,ST379,images/structures/ST379_Amther_Mata_Temple_&_Small_Temples/img2.jpg,structure image
IMG771,structure,ST379,images/structures/ST379_Amther_Mata_Temple_&_Small_Temples/img3.jpg,structure image
IMG772,structure,ST380,images/structures/ST380_Vav/img1.jpg,structure image
IMG773,structure,ST380,images/structures/ST380_Vav/img2.jpg,structure image
IMG774,structure,ST380,images/structures/ST380_Vav/img3.jpg,structure image
IMG775,structure,ST381,images/structures/ST381_Hawa_Mahal/img1.jpg,structure image
IMG776,structure,ST381,images/structures/ST381_Hawa_Mahal/img2.jpg,structure image
IMG777,structure,ST381,images/structures/ST381_Hawa_Mahal/img3.jpg,structure image
IMG778,structure,ST382,images/structures/ST382_Khan_Sarovar/img1.jpg,structure image
IMG779,structure,ST382,images/structures/ST382_Khan_Sarovar/img2.jpg,structure image
IMG780,structure,ST382,images/structures/ST382_Khan_Sarovar/img3.jpg,structure image
IMG781,structure,ST383,images/structures/ST383_Shakti_Kund/img1.jpg,structure image
IMG782,structure,ST383,images/structures/ST383_Shakti_Kund/img2.jpg,structure image
IMG783,structure,ST383,images/structures/ST383_Shakti_Kund/img3.jpg,structure image
IMG784,structure,ST384,images/structures/ST384_Amba_Mata_Temple/img1.jpg,structure image
IMG785,structure,ST384,images/structures/ST384_Amba_Mata_Temple/img2.jpg,structure image
IMG786,structure,ST384,images/structures/ST384_Amba_Mata_Temple/img3.jpg,structure image
IMG787,structure,ST385,images/structures/ST385_Shitala_Mata_Temple/img1.jpg,structure image
IMG788,structure,ST385,images/structures/ST385_Shitala_Mata_Temple/img2.jpg,structure image
IMG789,structure,ST385,images/structures/ST385_Shitala_Mata_Temple/img3.jpg,structure image
IMG790,structure,ST386,images/structures/ST386_Nagfani_Mata_Mandir_(with_idol)/img1.jpg,structure image
IMG791,structure,ST386,images/structures/ST386_Nagfani_Mata_Mandir_(with_idol)/img2.jpg,structure image
IMG792,structure,ST386,images/structures/ST386_Nagfani_Mata_Mandir_(with_idol)/img3.jpg,structure image
IMG793,structure,ST387,images/structures/ST387_Shitala_Mata_Temple/img1.jpg,structure image
IMG794,structure,ST387,images/structures/ST387_Shitala_Mata_Temple/img2.jpg,structure image
IMG795,structure,ST387,images/structures/ST387_Shitala_Mata_Temple/img3.jpg,structure image
IMG796,structure,ST388,images/structures/ST388_Vav/img1.jpg,structure image
IMG797,structure,ST388,images/structures/ST388_Vav/img2.jpg,structure image
IMG798,structure,ST388,images/structures/ST388_Vav/img3.jpg,structure image
IMG799,structure,ST389,images/structures/ST389_Fatipal_Gates/img1.jpg,structure image
IMG800,structure,ST389,images/structures/ST389_Fatipal_Gates/img2.jpg,structure image
IMG801,structure,ST389,images/structures/ST389_Fatipal_Gates/img3.jpg,structure image
IMG802,structure,ST390,images/structures/ST390_Chhindia_Gates/img1.jpg,structure image
IMG803,structure,ST390,images/structures/ST390_Chhindia_Gates/img2.jpg,structure image
IMG804,structure,ST390,images/structures/ST390_Chhindia_Gates/img3.jpg,structure image
IMG805,structure,ST391,images/structures/ST391_Bagwada_Gates/img1.jpg,structure image
IMG806,structure,ST391,images/structures/ST391_Bagwada_Gates/img2.jpg,structure image
IMG807,structure,ST391,images/structures/ST391_Bagwada_Gates/img3.jpg,structure image
IMG808,structure,ST392,images/structures/ST392_Agara_Gates/img1.jpg,structure image
IMG809,structure,ST392,images/structures/ST392_Agara_Gates/img2.jpg,structure image
IMG810,structure,ST392,images/structures/ST392_Agara_Gates/img3.jpg,structure image
IMG811,structure,ST393,images/structures/ST393_Tripolia_Gate_(Tran_Darwaja)/img1.jpg,structure image
IMG812,structure,ST393,images/structures/ST393_Tripolia_Gate_(Tran_Darwaja)/img2.jpg,structure image
IMG813,structure,ST393,images/structures/ST393_Tripolia_Gate_(Tran_Darwaja)/img3.jpg,structure image
IMG814,structure,ST394,images/structures/ST394_Rajgadhi_Timbo/img1.jpg,structure image
IMG815,structure,ST394,images/structures/ST394_Rajgadhi_Timbo/img2.jpg,structure image
IMG816,structure,ST394,images/structures/ST394_Rajgadhi_Timbo/img3.jpg,structure image
IMG817,structure,ST395,images/structures/ST395_Shail_Gufo_(Khambhalida_Caves)/img1.jpg,structure image
IMG818,structure,ST395,images/structures/ST395_Shail_Gufo_(Khambhalida_Caves)/img2.jpg,structure image
IMG819,structure,ST395,images/structures/ST395_Shail_Gufo_(Khambhalida_Caves)/img3.jpg,structure image
IMG820,structure,ST396,images/structures/ST396_Minadevi_Vav/img1.jpg,structure image
IMG821,structure,ST396,images/structures/ST396_Minadevi_Vav/img2.jpg,structure image
IMG822,structure,ST396,images/structures/ST396_Minadevi_Vav/img3.jpg,structure image
IMG823,structure,ST399,images/structures/ST399_Caves/img1.jpg,structure image
IMG824,structure,ST399,images/structures/ST399_Caves/img2.jpg,structure image
IMG825,structure,ST399,images/structures/ST399_Caves/img3.jpg,structure image
IMG826,structure,ST400,images/structures/ST400_Vav_(Gelmata_Vav)/img1.jpg,structure image
IMG827,structure,ST400,images/structures/ST400_Vav_(Gelmata_Vav)/img2.jpg,structure image
IMG828,structure,ST400,images/structures/ST400_Vav_(Gelmata_Vav)/img3.jpg,structure image
IMG829,structure,ST401,images/structures/ST401_Sankleshwar_Mahadev/img1.jpg,structure image
IMG830,structure,ST401,images/structures/ST401_Sankleshwar_Mahadev/img2.jpg,structure image
IMG831,structure,ST401,images/structures/ST401_Sankleshwar_Mahadev/img3.jpg,structure image
IMG832,structure,ST402,images/structures/ST402_Old_Darbargadh/img1.jpg,structure image
IMG833,structure,ST402,images/structures/ST402_Old_Darbargadh/img2.jpg,structure image
IMG834,structure,ST402,images/structures/ST402_Old_Darbargadh/img3.jpg,structure image
IMG835,structure,ST403,images/structures/ST403_Temples/img1.jpg,structure image
IMG836,structure,ST403,images/structures/ST403_Temples/img2.jpg,structure image
IMG837,structure,ST403,images/structures/ST403_Temples/img3.jpg,structure image
IMG838,structure,ST404,images/structures/ST404_Kuber_Vav/img1.jpg,structure image
IMG839,structure,ST404,images/structures/ST404_Kuber_Vav/img2.jpg,structure image
IMG840,structure,ST404,images/structures/ST404_Kuber_Vav/img3.jpg,structure image
IMG841,structure,ST405,images/structures/ST405_Darbargadh_No_Tamrapatro/img1.jpg,structure image
IMG842,structure,ST405,images/structures/ST405_Darbargadh_No_Tamrapatro/img2.jpg,structure image
IMG843,structure,ST405,images/structures/ST405_Darbargadh_No_Tamrapatro/img3.jpg,structure image
IMG844,structure,ST406,images/structures/ST406_Mound_Dolidhar/img1.jpg,structure image
IMG845,structure,ST406,images/structures/ST406_Mound_Dolidhar/img2.jpg,structure image
IMG846,structure,ST406,images/structures/ST406_Mound_Dolidhar/img3.jpg,structure image
IMG847,structure,ST408,images/structures/ST408_Ancient_Vav/img1.jpg,structure image
IMG848,structure,ST408,images/structures/ST408_Ancient_Vav/img2.jpg,structure image
IMG849,structure,ST408,images/structures/ST408_Ancient_Vav/img3.jpg,structure image
IMG850,structure,ST409,images/structures/ST409_Jam_Tower/img1.jpg,structure image
IMG851,structure,ST409,images/structures/ST409_Jam_Tower/img2.jpg,structure image
IMG852,structure,ST409,images/structures/ST409_Jam_Tower/img3.jpg,structure image
IMG853,structure,ST410,images/structures/ST410_Ancient_Talav/img1.jpg,structure image
IMG854,structure,ST410,images/structures/ST410_Ancient_Talav/img2.jpg,structure image
IMG855,structure,ST410,images/structures/ST410_Ancient_Talav/img3.jpg,structure image
IMG856,structure,ST411,images/structures/ST411_Vidyadhar_Vav/img1.jpg,structure image
IMG857,structure,ST411,images/structures/ST411_Vidyadhar_Vav/img2.jpg,structure image
IMG858,structure,ST411,images/structures/ST411_Vidyadhar_Vav/img3.jpg,structure image
IMG859,structure,ST412,images/structures/ST412_Surya_Narayan_Temple/img1.jpg,structure image
IMG860,structure,ST412,images/structures/ST412_Surya_Narayan_Temple/img2.jpg,structure image
IMG861,structure,ST412,images/structures/ST412_Surya_Narayan_Temple/img3.jpg,structure image
IMG862,structure,ST413,images/structures/ST413_Ranmukteshwar_Temple/img1.jpg,structure image
IMG863,structure,ST413,images/structures/ST413_Ranmukteshwar_Temple/img2.jpg,structure image
IMG864,structure,ST413,images/structures/ST413_Ranmukteshwar_Temple/img3.jpg,structure image
IMG865,structure,ST414,images/structures/ST414_Kund/img1.jpg,structure image
IMG866,structure,ST414,images/structures/ST414_Kund/img2.jpg,structure image
IMG867,structure,ST414,images/structures/ST414_Kund/img3.jpg,structure image
IMG868,structure,ST415,images/structures/ST415_Vav/img1.jpg,structure image
IMG869,structure,ST415,images/structures/ST415_Vav/img2.jpg,structure image
IMG870,structure,ST415,images/structures/ST415_Vav/img3.jpg,structure image
IMG871,structure,ST416,images/structures/ST416_Rannmalchoki/img1.jpg,structure image
IMG872,structure,ST416,images/structures/ST416_Rannmalchoki/img2.jpg,structure image
IMG873,structure,ST416,images/structures/ST416_Rannmalchoki/img3.jpg,structure image
IMG874,structure,ST417,images/structures/ST417_Vav/img1.jpg,structure image
IMG875,structure,ST417,images/structures/ST417_Vav/img2.jpg,structure image
IMG876,structure,ST417,images/structures/ST417_Vav/img3.jpg,structure image
IMG877,structure,ST418,images/structures/ST418_Ancient_Temple/img1.jpg,structure image
IMG878,structure,ST418,images/structures/ST418_Ancient_Temple/img2.jpg,structure image
IMG879,structure,ST418,images/structures/ST418_Ancient_Temple/img3.jpg,structure image
IMG880,structure,ST419,images/structures/ST419_Ancient_stepwell_(vav)/img1.jpg,structure image
IMG881,structure,ST419,images/structures/ST419_Ancient_stepwell_(vav)/img2.jpg,structure image
IMG882,structure,ST419,images/structures/ST419_Ancient_stepwell_(vav)/img3.jpg,structure image
IMG883,structure,ST420,images/structures/ST420_Kund/img1.jpg,structure image
IMG884,structure,ST420,images/structures/ST420_Kund/img2.jpg,structure image
IMG885,structure,ST420,images/structures/ST420_Kund/img3.jpg,structure image
IMG886,structure,ST421,images/structures/ST421_Ancient_Temple/img1.jpg,structure image
IMG887,structure,ST421,images/structures/ST421_Ancient_Temple/img2.jpg,structure image
IMG888,structure,ST421,images/structures/ST421_Ancient_Temple/img3.jpg,structure image
IMG889,structure,ST422,images/structures/ST422_Mahadev_Temple/img1.jpg,structure image
IMG890,structure,ST422,images/structures/ST422_Mahadev_Temple/img2.jpg,structure image
IMG891,structure,ST422,images/structures/ST422_Mahadev_Temple/img3.jpg,structure image
IMG892,structure,ST423,images/structures/ST423_Shiva_Temple/img1.jpg,structure image
IMG893,structure,ST423,images/structures/ST423_Shiva_Temple/img2.jpg,structure image
IMG894,structure,ST423,images/structures/ST423_Shiva_Temple/img3.jpg,structure image
IMG895,structure,ST424,images/structures/ST424_Brahma_Vav/img1.jpg,structure image
IMG896,structure,ST424,images/structures/ST424_Brahma_Vav/img2.jpg,structure image
IMG897,structure,ST424,images/structures/ST424_Brahma_Vav/img3.jpg,structure image
IMG898,structure,ST425,images/structures/ST425_Temple_No_1/img1.jpg,structure image
IMG899,structure,ST425,images/structures/ST425_Temple_No_1/img2.jpg,structure image
IMG900,structure,ST425,images/structures/ST425_Temple_No_1/img3.jpg,structure image
IMG901,structure,ST426,images/structures/ST426_Temple_No_2/img1.jpg,structure image
IMG902,structure,ST426,images/structures/ST426_Temple_No_2/img2.jpg,structure image
IMG903,structure,ST426,images/structures/ST426_Temple_No_2/img3.jpg,structure image
IMG904,structure,ST427,images/structures/ST427_Temple_No_3/img1.jpg,structure image
IMG905,structure,ST427,images/structures/ST427_Temple_No_3/img2.jpg,structure image
IMG906,structure,ST427,images/structures/ST427_Temple_No_3/img3.jpg,structure image
IMG907,structure,ST428,images/structures/ST428_Temple_No_4/img1.jpg,structure image
IMG908,structure,ST428,images/structures/ST428_Temple_No_4/img2.jpg,structure image
IMG909,structure,ST428,images/structures/ST428_Temple_No_4/img3.jpg,structure image
IMG910,structure,ST429,images/structures/ST429_Temple_No_5/img1.jpg,structure image
IMG911,structure,ST429,images/structures/ST429_Temple_No_5/img2.jpg,structure image
IMG912,structure,ST429,images/structures/ST429_Temple_No_5/img3.jpg,structure image
IMG913,structure,ST430,images/structures/ST430_Gopnath_Mahadev_Shiv_Panchayatan_Temple/img1.jpg,structure image
IMG914,structure,ST430,images/structures/ST430_Gopnath_Mahadev_Shiv_Panchayatan_Temple/img2.jpg,structure image
IMG915,structure,ST430,images/structures/ST430_Gopnath_Mahadev_Shiv_Panchayatan_Temple/img3.jpg,structure image
IMG916,structure,ST431,images/structures/ST431_Shiva_Temple/img1.jpg,structure image
IMG917,structure,ST431,images/structures/ST431_Shiva_Temple/img2.jpg,structure image
IMG918,structure,ST431,images/structures/ST431_Shiva_Temple/img3.jpg,structure image
IMG919,structure,ST432,images/structures/ST432_Nilkanth_Mahadev_Temple/img1.jpg,structure image
IMG920,structure,ST432,images/structures/ST432_Nilkanth_Mahadev_Temple/img2.jpg,structure image
IMG921,structure,ST432,images/structures/ST432_Nilkanth_Mahadev_Temple/img3.jpg,structure image
IMG922,structure,ST433,images/structures/ST433_Ruins/img1.jpg,structure image
IMG923,structure,ST433,images/structures/ST433_Ruins/img2.jpg,structure image
IMG924,structure,ST433,images/structures/ST433_Ruins/img3.jpg,structure image
IMG925,structure,ST434,images/structures/ST434_Mahakali_Temple/img1.jpg,structure image
IMG926,structure,ST434,images/structures/ST434_Mahakali_Temple/img2.jpg,structure image
IMG927,structure,ST434,images/structures/ST434_Mahakali_Temple/img3.jpg,structure image
IMG928,structure,ST435,images/structures/ST435_Mahadev_Temple/img1.jpg,structure image
IMG929,structure,ST435,images/structures/ST435_Mahadev_Temple/img2.jpg,structure image
IMG930,structure,ST435,images/structures/ST435_Mahadev_Temple/img3.jpg,structure image
IMG931,structure,ST436,images/structures/ST436_Hanumanji_Temple/img1.jpg,structure image
IMG932,structure,ST436,images/structures/ST436_Hanumanji_Temple/img2.jpg,structure image
IMG933,structure,ST436,images/structures/ST436_Hanumanji_Temple/img3.jpg,structure image
IMG934,structure,ST437,images/structures/ST437_Shiva_Panchayatan_Temple/img1.jpg,structure image
IMG935,structure,ST437,images/structures/ST437_Shiva_Panchayatan_Temple/img2.jpg,structure image
IMG936,structure,ST437,images/structures/ST437_Shiva_Panchayatan_Temple/img3.jpg,structure image
IMG937,structure,ST438,images/structures/ST438_Shobhayada_Shiva_Temple/img1.jpg,structure image
IMG938,structure,ST438,images/structures/ST438_Shobhayada_Shiva_Temple/img2.jpg,structure image
IMG939,structure,ST438,images/structures/ST438_Shobhayada_Shiva_Temple/img3.jpg,structure image
IMG940,structure,ST439,images/structures/ST439_Ancient_Temple/img1.jpg,structure image
IMG941,structure,ST439,images/structures/ST439_Ancient_Temple/img2.jpg,structure image
IMG942,structure,ST439,images/structures/ST439_Ancient_Temple/img3.jpg,structure image
IMG943,structure,ST440,images/structures/ST440_Vav/img1.jpg,structure image
IMG944,structure,ST440,images/structures/ST440_Vav/img2.jpg,structure image
IMG945,structure,ST440,images/structures/ST440_Vav/img3.jpg,structure image
IMG946,structure,ST441,images/structures/ST441_Harishchandra_ni_Chori/img1.jpg,structure image
IMG947,structure,ST441,images/structures/ST441_Harishchandra_ni_Chori/img2.jpg,structure image
IMG948,structure,ST441,images/structures/ST441_Harishchandra_ni_Chori/img3.jpg,structure image
IMG949,structure,ST442,images/structures/ST442_Pagathiyavali_Vav_(Stepwell)/img1.jpg,structure image
IMG950,structure,ST442,images/structures/ST442_Pagathiyavali_Vav_(Stepwell)/img2.jpg,structure image
IMG951,structure,ST442,images/structures/ST442_Pagathiyavali_Vav_(Stepwell)/img3.jpg,structure image
IMG952,structure,ST443,images/structures/ST443_Vanzari_Vav/img1.jpg,structure image
IMG953,structure,ST443,images/structures/ST443_Vanzari_Vav/img2.jpg,structure image
IMG954,structure,ST443,images/structures/ST443_Vanzari_Vav/img3.jpg,structure image
IMG955,structure,ST444,images/structures/ST444_Temple_with_Kund/img1.jpg,structure image
IMG956,structure,ST444,images/structures/ST444_Temple_with_Kund/img2.jpg,structure image
IMG957,structure,ST444,images/structures/ST444_Temple_with_Kund/img3.jpg,structure image
IMG958,structure,ST445,images/structures/ST445_Jain_Temple_No1/img1.jpg,structure image
IMG959,structure,ST445,images/structures/ST445_Jain_Temple_No1/img2.jpg,structure image
IMG960,structure,ST445,images/structures/ST445_Jain_Temple_No1/img3.jpg,structure image
IMG961,structure,ST446,images/structures/ST446_Jain_Temple_No2/img1.jpg,structure image
IMG962,structure,ST446,images/structures/ST446_Jain_Temple_No2/img2.jpg,structure image
IMG963,structure,ST446,images/structures/ST446_Jain_Temple_No2/img3.jpg,structure image
IMG964,structure,ST447,images/structures/ST447_Jain_Temple_No3/img1.jpg,structure image
IMG965,structure,ST447,images/structures/ST447_Jain_Temple_No3/img2.jpg,structure image
IMG966,structure,ST447,images/structures/ST447_Jain_Temple_No3/img3.jpg,structure image
IMG967,structure,ST448,images/structures/ST448_Sharaneshwar_Temple/img1.jpg,structure image
IMG968,structure,ST448,images/structures/ST448_Sharaneshwar_Temple/img2.jpg,structure image
IMG969,structure,ST448,images/structures/ST448_Sharaneshwar_Temple/img3.jpg,structure image
IMG970,structure,ST449,images/structures/ST449_Shivashakti_Temple/img1.jpg,structure image
IMG971,structure,ST449,images/structures/ST449_Shivashakti_Temple/img2.jpg,structure image
IMG972,structure,ST449,images/structures/ST449_Shivashakti_Temple/img3.jpg,structure image
IMG973,structure,ST450,images/structures/ST450_Jain_Temple_No1/img1.jpg,structure image
IMG974,structure,ST450,images/structures/ST450_Jain_Temple_No1/img2.jpg,structure image
IMG975,structure,ST450,images/structures/ST450_Jain_Temple_No1/img3.jpg,structure image
IMG976,structure,ST451,images/structures/ST451_Jain_Temple_No2/img1.jpg,structure image
IMG977,structure,ST451,images/structures/ST451_Jain_Temple_No2/img2.jpg,structure image
IMG978,structure,ST451,images/structures/ST451_Jain_Temple_No2/img3.jpg,structure image
IMG979,structure,ST452,images/structures/ST452_Jain_Temple_No3/img1.jpg,structure image
IMG980,structure,ST452,images/structures/ST452_Jain_Temple_No3/img2.jpg,structure image
IMG981,structure,ST452,images/structures/ST452_Jain_Temple_No3/img3.jpg,structure image
IMG982,structure,ST453,images/structures/ST453_Jain_Temple_No4/img1.jpg,structure image
IMG983,structure,ST453,images/structures/ST453_Jain_Temple_No4/img2.jpg,structure image
IMG984,structure,ST453,images/structures/ST453_Jain_Temple_No4/img3.jpg,structure image
IMG985,structure,ST454,images/structures/ST454_Shakti_Temple/img1.jpg,structure image
IMG986,structure,ST454,images/structures/ST454_Shakti_Temple/img2.jpg,structure image
IMG987,structure,ST454,images/structures/ST454_Shakti_Temple/img3.jpg,structure image
IMG988,structure,ST455,images/structures/ST455_Shiva_Temple/img1.jpg,structure image
IMG989,structure,ST455,images/structures/ST455_Shiva_Temple/img2.jpg,structure image
IMG990,structure,ST455,images/structures/ST455_Shiva_Temple/img3.jpg,structure image
IMG991,structure,ST456,images/structures/ST456_Shiva_Panchayatan_Temple_No1/img1.jpg,structure image
IMG992,structure,ST456,images/structures/ST456_Shiva_Panchayatan_Temple_No1/img2.jpg,structure image
IMG993,structure,ST456,images/structures/ST456_Shiva_Panchayatan_Temple_No1/img3.jpg,structure image
IMG994,structure,ST457,images/structures/ST457_Shiva_Panchayatan_Temple_No2/img1.jpg,structure image
IMG995,structure,ST457,images/structures/ST457_Shiva_Panchayatan_Temple_No2/img2.jpg,structure image
IMG996,structure,ST457,images/structures/ST457_Shiva_Panchayatan_Temple_No2/img3.jpg,structure image
IMG997,structure,ST458,images/structures/ST458_Vav_(Stepwell)/img1.jpg,structure image
IMG998,structure,ST458,images/structures/ST458_Vav_(Stepwell)/img2.jpg,structure image
IMG999,structure,ST458,images/structures/ST458_Vav_(Stepwell)/img3.jpg,structure image
IMG1000,structure,ST459,images/structures/ST459_Nagrani_Vav_(Stepwell)/img1.jpg,structure image
IMG1001,structure,ST459,images/structures/ST459_Nagrani_Vav_(Stepwell)/img2.jpg,structure image
IMG1002,structure,ST459,images/structures/ST459_Nagrani_Vav_(Stepwell)/img3.jpg,structure image
IMG1003,structure,ST460,images/structures/ST460_Santhaleshwar_Mahadev_Temple/img1.jpg,structure image
IMG1004,structure,ST460,images/structures/ST460_Santhaleshwar_Mahadev_Temple/img2.jpg,structure image
IMG1005,structure,ST460,images/structures/ST460_Santhaleshwar_Mahadev_Temple/img3.jpg,structure image
IMG1006,structure,ST461,images/structures/ST461_Chaumukh_Mahadev_Temple/img1.jpg,structure image
IMG1007,structure,ST461,images/structures/ST461_Chaumukh_Mahadev_Temple/img2.jpg,structure image
IMG1008,structure,ST461,images/structures/ST461_Chaumukh_Mahadev_Temple/img3.jpg,structure image
IMG1009,structure,ST462,images/structures/ST462_Neminath_Jain_Temple_with_three_inscriptions/img1.jpg,structure image
IMG1010,structure,ST462,images/structures/ST462_Neminath_Jain_Temple_with_three_inscriptions/img2.jpg,structure image
IMG1011,structure,ST462,images/structures/ST462_Neminath_Jain_Temple_with_three_inscriptions/img3.jpg,structure image
IMG1012,structure,ST463,images/structures/ST463_Vastupal_Jain_Temple_with_six_inscriptions/img1.jpg,structure image
IMG1013,structure,ST463,images/structures/ST463_Vastupal_Jain_Temple_with_six_inscriptions/img2.jpg,structure image
IMG1014,structure,ST463,images/structures/ST463_Vastupal_Jain_Temple_with_six_inscriptions/img3.jpg,structure image
IMG1015,structure,ST464,images/structures/ST464_Virji_Vora_ni_Vav/img1.jpg,structure image
IMG1016,structure,ST464,images/structures/ST464_Virji_Vora_ni_Vav/img2.jpg,structure image
IMG1017,structure,ST464,images/structures/ST464_Virji_Vora_ni_Vav/img3.jpg,structure image
IMG1018,structure,ST515,images/structures/ST515_Achyut_Bibi's_Masjid_&_Tomb/img1.jpg,structure image
IMG1019,structure,ST515,images/structures/ST515_Achyut_Bibi's_Masjid_&_Tomb/img2.jpg,structure image
IMG1020,structure,ST515,images/structures/ST515_Achyut_Bibi's_Masjid_&_Tomb/img3.jpg,structure image
IMG1021,structure,ST516,images/structures/ST516_Ahmad_Shah's_Tomb/img1.jpg,structure image
IMG1022,structure,ST516,images/structures/ST516_Ahmad_Shah's_Tomb/img2.jpg,structure image
IMG1023,structure,ST516,images/structures/ST516_Ahmad_Shah's_Tomb/img3.jpg,structure image
IMG1024,structure,ST517,images/structures/ST517_Ahmed_Shah's_Mosque/img1.jpg,structure image
IMG1025,structure,ST517,images/structures/ST517_Ahmed_Shah's_Mosque/img2.jpg,structure image
IMG1026,structure,ST517,images/structures/ST517_Ahmed_Shah's_Mosque/img3.jpg,structure image
IMG1027,structure,ST518,images/structures/ST518_Astodia_Gate/img1.jpg,structure image
IMG1028,structure,ST518,images/structures/ST518_Astodia_Gate/img2.jpg,structure image
IMG1029,structure,ST518,images/structures/ST518_Astodia_Gate/img3.jpg,structure image
IMG1030,structure,ST519,images/structures/ST519_Baba_Lalui's_Masjid/img1.jpg,structure image
IMG1031,structure,ST519,images/structures/ST519_Baba_Lalui's_Masjid/img2.jpg,structure image
IMG1032,structure,ST519,images/structures/ST519_Baba_Lalui's_Masjid/img3.jpg,structure image
IMG1033,structure,ST520,images/structures/ST520_Bhadra_Gate_beside_Bhadrakali_Temple/img1.jpg,structure image
IMG1034,structure,ST520,images/structures/ST520_Bhadra_Gate_beside_Bhadrakali_Temple/img2.jpg,structure image
IMG1035,structure,ST520,images/structures/ST520_Bhadra_Gate_beside_Bhadrakali_Temple/img3.jpg,structure image
IMG1036,structure,ST521,images/structures/ST521_Brick_Minars/img1.jpg,structure image
IMG1037,structure,ST521,images/structures/ST521_Brick_Minars/img2.jpg,structure image
IMG1038,structure,ST521,images/structures/ST521_Brick_Minars/img3.jpg,structure image
IMG1039,structure,ST522,images/structures/ST522_Dariya_Khan's_Tomb/img1.jpg,structure image
IMG1040,structure,ST522,images/structures/ST522_Dariya_Khan's_Tomb/img2.jpg,structure image
IMG1041,structure,ST522,images/structures/ST522_Dariya_Khan's_Tomb/img3.jpg,structure image
IMG1042,structure,ST523,images/structures/ST523_Dariya_Pur_Gate/img1.jpg,structure image
IMG1043,structure,ST523,images/structures/ST523_Dariya_Pur_Gate/img2.jpg,structure image
IMG1044,structure,ST523,images/structures/ST523_Dariya_Pur_Gate/img3.jpg,structure image
IMG1045,structure,ST524,images/structures/ST524_Dastur_Khan's_Masjid/img1.jpg,structure image
IMG1046,structure,ST524,images/structures/ST524_Dastur_Khan's_Masjid/img2.jpg,structure image
IMG1047,structure,ST524,images/structures/ST524_Dastur_Khan's_Masjid/img3.jpg,structure image
IMG1048,structure,ST525,images/structures/ST525_Delhi_Gate/img1.jpg,structure image
IMG1049,structure,ST525,images/structures/ST525_Delhi_Gate/img2.jpg,structure image
IMG1050,structure,ST525,images/structures/ST525_Delhi_Gate/img3.jpg,structure image
IMG1051,structure,ST526,images/structures/ST526_Haibatkhan's_Masjid/img1.jpg,structure image
IMG1052,structure,ST526,images/structures/ST526_Haibatkhan's_Masjid/img2.jpg,structure image
IMG1053,structure,ST526,images/structures/ST526_Haibatkhan's_Masjid/img3.jpg,structure image
IMG1054,structure,ST527,images/structures/ST527_Inlet_to_Kankaria_Tank/img1.jpg,structure image
IMG1055,structure,ST527,images/structures/ST527_Inlet_to_Kankaria_Tank/img2.jpg,structure image
IMG1056,structure,ST527,images/structures/ST527_Inlet_to_Kankaria_Tank/img3.jpg,structure image
IMG1057,structure,ST528,images/structures/ST528_Jami_Masjid/img1.jpg,structure image
IMG1058,structure,ST528,images/structures/ST528_Jami_Masjid/img2.jpg,structure image
IMG1059,structure,ST528,images/structures/ST528_Jami_Masjid/img3.jpg,structure image
IMG1060,structure,ST529,images/structures/ST529_Kalupur_Gate/img1.jpg,structure image
IMG1061,structure,ST529,images/structures/ST529_Kalupur_Gate/img2.jpg,structure image
IMG1062,structure,ST529,images/structures/ST529_Kalupur_Gate/img3.jpg,structure image
IMG1063,structure,ST530,images/structures/ST530_Kutub_Shah's_Mosque/img1.jpg,structure image
IMG1064,structure,ST530,images/structures/ST530_Kutub_Shah's_Mosque/img2.jpg,structure image
IMG1065,structure,ST530,images/structures/ST530_Kutub_Shah's_Mosque/img3.jpg,structure image
IMG1066,structure,ST531,images/structures/ST531_Mata_Bhavani's_Well/img1.jpg,structure image
IMG1067,structure,ST531,images/structures/ST531_Mata_Bhavani's_Well/img2.jpg,structure image
IMG1068,structure,ST531,images/structures/ST531_Mata_Bhavani's_Well/img3.jpg,structure image
IMG1069,structure,ST532,images/structures/ST532_Muhafiz_Khan's_Mosque/img1.jpg,structure image
IMG1070,structure,ST532,images/structures/ST532_Muhafiz_Khan's_Mosque/img2.jpg,structure image
IMG1071,structure,ST532,images/structures/ST532_Muhafiz_Khan's_Mosque/img3.jpg,structure image
IMG1072,structure,ST533,images/structures/ST533_Nawab_Sardar_Khan_Masjid_and_outer_gate/img1.jpg,structure image
IMG1073,structure,ST533,images/structures/ST533_Nawab_Sardar_Khan_Masjid_and_outer_gate/img2.jpg,structure image
IMG1074,structure,ST533,images/structures/ST533_Nawab_Sardar_Khan_Masjid_and_outer_gate/img3.jpg,structure image
IMG1075,structure,ST534,images/structures/ST534_Nawab_Sardar_Khan's_Rouza/img1.jpg,structure image
IMG1076,structure,ST534,images/structures/ST534_Nawab_Sardar_Khan's_Rouza/img2.jpg,structure image
IMG1077,structure,ST534,images/structures/ST534_Nawab_Sardar_Khan's_Rouza/img3.jpg,structure image
IMG1078,structure,ST535,images/structures/ST535_Panch_Kuva_Gate/img1.jpg,structure image
IMG1079,structure,ST535,images/structures/ST535_Panch_Kuva_Gate/img2.jpg,structure image
IMG1080,structure,ST535,images/structures/ST535_Panch_Kuva_Gate/img3.jpg,structure image
IMG1081,structure,ST536,images/structures/ST536_Premabhai_Gate/img1.jpg,structure image
IMG1082,structure,ST536,images/structures/ST536_Premabhai_Gate/img2.jpg,structure image
IMG1083,structure,ST536,images/structures/ST536_Premabhai_Gate/img3.jpg,structure image
IMG1084,structure,ST537,images/structures/ST537_Queen's_Mosque_in_Sarangpur/img1.jpg,structure image
IMG1085,structure,ST537,images/structures/ST537_Queen's_Mosque_in_Sarangpur/img2.jpg,structure image
IMG1086,structure,ST537,images/structures/ST537_Queen's_Mosque_in_Sarangpur/img3.jpg,structure image
IMG1087,structure,ST538,images/structures/ST538_Raipur_Gate/img1.jpg,structure image
IMG1088,structure,ST538,images/structures/ST538_Raipur_Gate/img2.jpg,structure image
IMG1089,structure,ST538,images/structures/ST538_Raipur_Gate/img3.jpg,structure image
IMG1090,structure,ST539,images/structures/ST539_Rani_Rupavati's_Mosque/img1.jpg,structure image
IMG1091,structure,ST539,images/structures/ST539_Rani_Rupavati's_Mosque/img2.jpg,structure image
IMG1092,structure,ST539,images/structures/ST539_Rani_Rupavati's_Mosque/img3.jpg,structure image
IMG1093,structure,ST540,images/structures/ST540_Rani_Sipri's_Mosque_&_Tomb/img1.jpg,structure image
IMG1094,structure,ST540,images/structures/ST540_Rani_Sipri's_Mosque_&_Tomb/img2.jpg,structure image
IMG1095,structure,ST540,images/structures/ST540_Rani_Sipri's_Mosque_&_Tomb/img3.jpg,structure image
IMG1096,structure,ST541,images/structures/ST541_Sarangpur_Gate/img1.jpg,structure image
IMG1097,structure,ST541,images/structures/ST541_Sarangpur_Gate/img2.jpg,structure image
IMG1098,structure,ST541,images/structures/ST541_Sarangpur_Gate/img3.jpg,structure image
IMG1099,structure,ST542,images/structures/ST542_Shah_Alam's_Tomb_with_all_surrounding_buildings/img1.jpg,structure image
IMG1100,structure,ST542,images/structures/ST542_Shah_Alam's_Tomb_with_all_surrounding_buildings/img2.jpg,structure image
IMG1101,structure,ST542,images/structures/ST542_Shah_Alam's_Tomb_with_all_surrounding_buildings/img3.jpg,structure image
IMG1102,structure,ST543,images/structures/ST543_Shah_Kupa_Masjid/img1.jpg,structure image
IMG1103,structure,ST543,images/structures/ST543_Shah_Kupa_Masjid/img2.jpg,structure image
IMG1104,structure,ST543,images/structures/ST543_Shah_Kupa_Masjid/img3.jpg,structure image
IMG1105,structure,ST544,images/structures/ST544_Sidi_Bashir's_Minar_&_Tomb_(Shaking)/img1.jpg,structure image
IMG1106,structure,ST544,images/structures/ST544_Sidi_Bashir's_Minar_&_Tomb_(Shaking)/img2.jpg,structure image
IMG1107,structure,ST544,images/structures/ST544_Sidi_Bashir's_Minar_&_Tomb_(Shaking)/img3.jpg,structure image
IMG1108,structure,ST545,images/structures/ST545_Sidi_Saiyad's_Mosque/img1.jpg,structure image
IMG1109,structure,ST545,images/structures/ST545_Sidi_Saiyad's_Mosque/img2.jpg,structure image
IMG1110,structure,ST545,images/structures/ST545_Sidi_Saiyad's_Mosque/img3.jpg,structure image
IMG1111,structure,ST546,images/structures/ST546_Teen_Darwaja_or_Tripolia_Gate/img1.jpg,structure image
IMG1112,structure,ST546,images/structures/ST546_Teen_Darwaja_or_Tripolia_Gate/img2.jpg,structure image
IMG1113,structure,ST546,images/structures/ST546_Teen_Darwaja_or_Tripolia_Gate/img3.jpg,structure image
IMG1114,structure,ST547,images/structures/ST547_The_Shahpur_Kazi_Mohmad_Chishti's_Masjid/img1.jpg,structure image
IMG1115,structure,ST547,images/structures/ST547_The_Shahpur_Kazi_Mohmad_Chishti's_Masjid/img2.jpg,structure image
IMG1116,structure,ST547,images/structures/ST547_The_Shahpur_Kazi_Mohmad_Chishti's_Masjid/img3.jpg,structure image
IMG1117,structure,ST548,images/structures/ST548_Three_gates_besides_Bhadrakali_temple/img1.jpg,structure image
IMG1118,structure,ST548,images/structures/ST548_Three_gates_besides_Bhadrakali_temple/img2.jpg,structure image
IMG1119,structure,ST548,images/structures/ST548_Three_gates_besides_Bhadrakali_temple/img3.jpg,structure image
IMG1120,structure,ST549,images/structures/ST549_Tomb/img1.jpg,structure image
IMG1121,structure,ST549,images/structures/ST549_Tomb/img2.jpg,structure image
IMG1122,structure,ST549,images/structures/ST549_Tomb/img3.jpg,structure image
IMG1123,structure,ST550,images/structures/ST550_Tomb_of_Mir_Abu_Turab/img1.jpg,structure image
IMG1124,structure,ST550,images/structures/ST550_Tomb_of_Mir_Abu_Turab/img2.jpg,structure image
IMG1125,structure,ST550,images/structures/ST550_Tomb_of_Mir_Abu_Turab/img3.jpg,structure image
IMG1126,structure,ST551,images/structures/ST551_Tombs_of_Queens_of_Ahmed_Shah/img1.jpg,structure image
IMG1127,structure,ST551,images/structures/ST551_Tombs_of_Queens_of_Ahmed_Shah/img2.jpg,structure image
IMG1128,structure,ST551,images/structures/ST551_Tombs_of_Queens_of_Ahmed_Shah/img3.jpg,structure image
IMG1129,structure,ST552,images/structures/ST552_Dada_Hari's_Mosque_&_Tomb/img1.jpg,structure image
IMG1130,structure,ST552,images/structures/ST552_Dada_Hari's_Mosque_&_Tomb/img2.jpg,structure image
IMG1131,structure,ST552,images/structures/ST552_Dada_Hari's_Mosque_&_Tomb/img3.jpg,structure image
IMG1132,structure,ST553,images/structures/ST553_Dada_(Bai)_Hari's_Stepwell/img1.jpg,structure image
IMG1133,structure,ST553,images/structures/ST553_Dada_(Bai)_Hari's_Stepwell/img2.jpg,structure image
IMG1134,structure,ST553,images/structures/ST553_Dada_(Bai)_Hari's_Stepwell/img3.jpg,structure image
IMG1135,structure,ST554,images/structures/ST554_Malik_Alam's_Mosque/img1.jpg,structure image
IMG1136,structure,ST554,images/structures/ST554_Malik_Alam's_Mosque/img2.jpg,structure image
IMG1137,structure,ST554,images/structures/ST554_Malik_Alam's_Mosque/img3.jpg,structure image
IMG1138,structure,ST555,images/structures/ST555_Bahlol_Khan_Gazi's_Mosque/img1.jpg,structure image
IMG1139,structure,ST555,images/structures/ST555_Bahlol_Khan_Gazi's_Mosque/img2.jpg,structure image
IMG1140,structure,ST555,images/structures/ST555_Bahlol_Khan_Gazi's_Mosque/img3.jpg,structure image
IMG1141,structure,ST556,images/structures/ST556_Jami_Masjid/img1.jpg,structure image
IMG1142,structure,ST556,images/structures/ST556_Jami_Masjid/img2.jpg,structure image
IMG1143,structure,ST556,images/structures/ST556_Jami_Masjid/img3.jpg,structure image
IMG1144,structure,ST557,images/structures/ST557_Khan_Masjid/img1.jpg,structure image
IMG1145,structure,ST557,images/structures/ST557_Khan_Masjid/img2.jpg,structure image
IMG1146,structure,ST557,images/structures/ST557_Khan_Masjid/img3.jpg,structure image
IMG1147,structure,ST558,images/structures/ST558_Malav_Tank/img1.jpg,structure image
IMG1148,structure,ST558,images/structures/ST558_Malav_Tank/img2.jpg,structure image
IMG1149,structure,ST558,images/structures/ST558_Malav_Tank/img3.jpg,structure image
IMG1150,structure,ST559,images/structures/ST559_Ruined_Building/img1.jpg,structure image
IMG1151,structure,ST559,images/structures/ST559_Ruined_Building/img2.jpg,structure image
IMG1152,structure,ST559,images/structures/ST559_Ruined_Building/img3.jpg,structure image
IMG1153,structure,ST560,images/structures/ST560_Jethabhai's_Stepwell/img1.jpg,structure image
IMG1154,structure,ST560,images/structures/ST560_Jethabhai's_Stepwell/img2.jpg,structure image
IMG1155,structure,ST560,images/structures/ST560_Jethabhai's_Stepwell/img3.jpg,structure image
IMG1156,structure,ST561,images/structures/ST561_Small_Stone_Masjid_(Gumle_Masjid)/img1.jpg,structure image
IMG1157,structure,ST561,images/structures/ST561_Small_Stone_Masjid_(Gumle_Masjid)/img2.jpg,structure image
IMG1158,structure,ST561,images/structures/ST561_Small_Stone_Masjid_(Gumle_Masjid)/img3.jpg,structure image
IMG1159,structure,ST562,images/structures/ST562_Cazi_Masjid/img1.jpg,structure image
IMG1160,structure,ST562,images/structures/ST562_Cazi_Masjid/img2.jpg,structure image
IMG1161,structure,ST562,images/structures/ST562_Cazi_Masjid/img3.jpg,structure image
IMG1162,structure,ST563,images/structures/ST563_Jami_Masjid/img1.jpg,structure image
IMG1163,structure,ST563,images/structures/ST563_Jami_Masjid/img2.jpg,structure image
IMG1164,structure,ST563,images/structures/ST563_Jami_Masjid/img3.jpg,structure image
IMG1165,structure,ST564,images/structures/ST564_Sayyid_Masjid/img1.jpg,structure image
IMG1166,structure,ST564,images/structures/ST564_Sayyid_Masjid/img2.jpg,structure image
IMG1167,structure,ST564,images/structures/ST564_Sayyid_Masjid/img3.jpg,structure image
IMG1168,structure,ST565,images/structures/ST565_Small_stone_Mosque_(Rani_Masjid)/img1.jpg,structure image
IMG1169,structure,ST565,images/structures/ST565_Small_stone_Mosque_(Rani_Masjid)/img2.jpg,structure image
IMG1170,structure,ST565,images/structures/ST565_Small_stone_Mosque_(Rani_Masjid)/img3.jpg,structure image
IMG1171,structure,ST566,images/structures/ST566_Bibi's_Masjid/img1.jpg,structure image
IMG1172,structure,ST566,images/structures/ST566_Bibi's_Masjid/img2.jpg,structure image
IMG1173,structure,ST566,images/structures/ST566_Bibi's_Masjid/img3.jpg,structure image
IMG1174,structure,ST567,images/structures/ST567_Masjid_of_Ragusha_Pir/img1.jpg,structure image
IMG1175,structure,ST567,images/structures/ST567_Masjid_of_Ragusha_Pir/img2.jpg,structure image
IMG1176,structure,ST567,images/structures/ST567_Masjid_of_Ragusha_Pir/img3.jpg,structure image
IMG1177,structure,ST651,images/structures/ST651_Gateway_of_Khan_Sarover/img1.jpg,structure image
IMG1178,structure,ST651,images/structures/ST651_Gateway_of_Khan_Sarover/img2.jpg,structure image
IMG1179,structure,ST651,images/structures/ST651_Gateway_of_Khan_Sarover/img3.jpg,structure image
IMG1180,structure,ST652,images/structures/ST652_Jami_Masjid/img1.jpg,structure image
IMG1181,structure,ST652,images/structures/ST652_Jami_Masjid/img2.jpg,structure image
IMG1182,structure,ST652,images/structures/ST652_Jami_Masjid/img3.jpg,structure image
IMG1183,structure,ST653,images/structures/ST653_Ruins_of_Rudra_Mahalaya_temple/img1.jpg,structure image
IMG1184,structure,ST653,images/structures/ST653_Ruins_of_Rudra_Mahalaya_temple/img2.jpg,structure image
IMG1185,structure,ST653,images/structures/ST653_Ruins_of_Rudra_Mahalaya_temple/img3.jpg,structure image
IMG1186,structure,ST654,images/structures/ST654_Group_of_temples/img1.jpg,structure image
IMG1187,structure,ST654,images/structures/ST654_Group_of_temples/img2.jpg,structure image
IMG1188,structure,ST654,images/structures/ST654_Group_of_temples/img3.jpg,structure image
IMG1189,structure,ST655,images/structures/ST655_Tomb_of_Sikandarsah/img1.jpg,structure image
IMG1190,structure,ST655,images/structures/ST655_Tomb_of_Sikandarsah/img2.jpg,structure image
IMG1191,structure,ST655,images/structures/ST655_Tomb_of_Sikandarsah/img3.jpg,structure image
IMG1192,structure,ST657,images/structures/ST657_Dargah_known_as_Khawaja_Dana_Saheb's_Rouza/img1.jpg,structure image
IMG1193,structure,ST657,images/structures/ST657_Dargah_known_as_Khawaja_Dana_Saheb's_Rouza/img2.jpg,structure image
IMG1194,structure,ST657,images/structures/ST657_Dargah_known_as_Khawaja_Dana_Saheb's_Rouza/img3.jpg,structure image
IMG1195,structure,ST658,images/structures/ST658_Old_Dutch_&_Armenian_Tombs_&_Cemeteries/img1.jpg,structure image
IMG1196,structure,ST658,images/structures/ST658_Old_Dutch_&_Armenian_Tombs_&_Cemeteries/img2.jpg,structure image
IMG1197,structure,ST658,images/structures/ST658_Old_Dutch_&_Armenian_Tombs_&_Cemeteries/img3.jpg,structure image
IMG1198,structure,ST659,images/structures/ST659_Old_English_Tombs/img1.jpg,structure image
IMG1199,structure,ST659,images/structures/ST659_Old_English_Tombs/img2.jpg,structure image
IMG1200,structure,ST659,images/structures/ST659_Old_English_Tombs/img3.jpg,structure image
IMG1201,structure,ST660,images/structures/ST660_Tomb_of_Khawaja_Safar_Sulemani/img1.jpg,structure image
IMG1202,structure,ST660,images/structures/ST660_Tomb_of_Khawaja_Safar_Sulemani/img2.jpg,structure image
IMG1203,structure,ST660,images/structures/ST660_Tomb_of_Khawaja_Safar_Sulemani/img3.jpg,structure image
IMG1204,structure,ST661,images/structures/ST661_Fateh_Burj/img1.jpg,structure image
IMG1205,structure,ST661,images/structures/ST661_Fateh_Burj/img2.jpg,structure image
IMG1206,structure,ST661,images/structures/ST661_Fateh_Burj/img3.jpg,structure image
IMG1207,structure,ST663,images/structures/ST663_Hira_Gate/img1.jpg,structure image
IMG1208,structure,ST663,images/structures/ST663_Hira_Gate/img2.jpg,structure image
IMG1209,structure,ST663,images/structures/ST663_Hira_Gate/img3.jpg,structure image
IMG1210,structure,ST664,images/structures/ST664_Mahudi_(Champaneri)_Gate/img1.jpg,structure image
IMG1211,structure,ST664,images/structures/ST664_Mahudi_(Champaneri)_Gate/img2.jpg,structure image
IMG1212,structure,ST664,images/structures/ST664_Mahudi_(Champaneri)_Gate/img3.jpg,structure image
IMG1213,structure,ST665,images/structures/ST665_Nandodi_Gate/img1.jpg,structure image
IMG1214,structure,ST665,images/structures/ST665_Nandodi_Gate/img2.jpg,structure image
IMG1215,structure,ST665,images/structures/ST665_Nandodi_Gate/img3.jpg,structure image
IMG1216,structure,ST666,images/structures/ST666_Saptamukhi_Vav/img1.jpg,structure image
IMG1217,structure,ST666,images/structures/ST666_Saptamukhi_Vav/img2.jpg,structure image
IMG1218,structure,ST666,images/structures/ST666_Saptamukhi_Vav/img3.jpg,structure image
IMG1219,structure,ST667,images/structures/ST667_Vadodara_Gate/img1.jpg,structure image
IMG1220,structure,ST667,images/structures/ST667_Vadodara_Gate/img2.jpg,structure image
IMG1221,structure,ST667,images/structures/ST667_Vadodara_Gate/img3.jpg,structure image
IMG1222,structure,ST668,images/structures/ST668_Hazira_or_Qutbuddin_Mahmad_Khan's_Tomb/img1.jpg,structure image
IMG1223,structure,ST668,images/structures/ST668_Hazira_or_Qutbuddin_Mahmad_Khan's_Tomb/img2.jpg,structure image
IMG1224,structure,ST668,images/structures/ST668_Hazira_or_Qutbuddin_Mahmad_Khan's_Tomb/img3.jpg,structure image
IMG1225,structure,ST671,images/structures/ST671_Gateway_of_Torana/img1.jpg,structure image
IMG1226,structure,ST671,images/structures/ST671_Gateway_of_Torana/img2.jpg,structure image
IMG1227,structure,ST671,images/structures/ST671_Gateway_of_Torana/img3.jpg,structure image
IMG1228,structure,ST672,images/structures/ST672_Frescos_on_the_walls_of_Bhau_Tambekar’s_Wada/img1.jpg,structure image
IMG1229,structure,ST672,images/structures/ST672_Frescos_on_the_walls_of_Bhau_Tambekar’s_Wada/img2.jpg,structure image
IMG1230,structure,ST672,images/structures/ST672_Frescos_on_the_walls_of_Bhau_Tambekar’s_Wada/img3.jpg,structure image
IMG1231,structure,ST675,images/structures/ST675_Kashivisvanath_Temple/img1.jpg,structure image
IMG1232,structure,ST675,images/structures/ST675_Kashivisvanath_Temple/img2.jpg,structure image
IMG1233,structure,ST675,images/structures/ST675_Kashivisvanath_Temple/img3.jpg,structure image
IMG1234,structure,ST679,images/structures/ST679_Jain_temples/img1.jpg,structure image
IMG1235,structure,ST679,images/structures/ST679_Jain_temples/img2.jpg,structure image
IMG1236,structure,ST679,images/structures/ST679_Jain_temples/img3.jpg,structure image
IMG1237,structure,ST680,images/structures/ST680_Talaja_Caves/img1.jpg,structure image
IMG1238,structure,ST680,images/structures/ST680_Talaja_Caves/img2.jpg,structure image
IMG1239,structure,ST680,images/structures/ST680_Talaja_Caves/img3.jpg,structure image
IMG1240,structure,ST682,images/structures/ST682_Temple_of_Rama_Laxman/img1.jpg,structure image
IMG1241,structure,ST682,images/structures/ST682_Temple_of_Rama_Laxman/img2.jpg,structure image
IMG1242,structure,ST682,images/structures/ST682_Temple_of_Rama_Laxman/img3.jpg,structure image
IMG1243,structure,ST683,images/structures/ST683_Gadhi_fortress_&_temple/img1.jpg,structure image
IMG1244,structure,ST683,images/structures/ST683_Gadhi_fortress_&_temple/img2.jpg,structure image
IMG1245,structure,ST683,images/structures/ST683_Gadhi_fortress_&_temple/img3.jpg,structure image
IMG1246,structure,ST684,images/structures/ST684_Magderu_Temple/img1.jpg,structure image
IMG1247,structure,ST684,images/structures/ST684_Magderu_Temple/img2.jpg,structure image
IMG1248,structure,ST684,images/structures/ST684_Magderu_Temple/img3.jpg,structure image
IMG1249,structure,ST685,images/structures/ST685_Dwarkadhish_Group_of_temples/img1.jpg,structure image
IMG1250,structure,ST685,images/structures/ST685_Dwarkadhish_Group_of_temples/img2.jpg,structure image
IMG1251,structure,ST685,images/structures/ST685_Dwarkadhish_Group_of_temples/img3.jpg,structure image
IMG1252,structure,ST687,images/structures/ST687_Rukmani_Temple/img1.jpg,structure image
IMG1253,structure,ST687,images/structures/ST687_Rukmani_Temple/img2.jpg,structure image
IMG1254,structure,ST687,images/structures/ST687_Rukmani_Temple/img3.jpg,structure image
IMG1255,structure,ST688,images/structures/ST688_Gokeshwar_Mahadev_temple/img1.jpg,structure image
IMG1256,structure,ST688,images/structures/ST688_Gokeshwar_Mahadev_temple/img2.jpg,structure image
IMG1257,structure,ST688,images/structures/ST688_Gokeshwar_Mahadev_temple/img3.jpg,structure image
IMG1258,structure,ST690,images/structures/ST690_Durvasa_Rishi's_Ashram/img1.jpg,structure image
IMG1259,structure,ST690,images/structures/ST690_Durvasa_Rishi's_Ashram/img2.jpg,structure image
IMG1260,structure,ST690,images/structures/ST690_Durvasa_Rishi's_Ashram/img3.jpg,structure image
IMG1261,structure,ST691,images/structures/ST691_Guhaditya_temple/img1.jpg,structure image
IMG1262,structure,ST691,images/structures/ST691_Guhaditya_temple/img2.jpg,structure image
IMG1263,structure,ST691,images/structures/ST691_Guhaditya_temple/img3.jpg,structure image
IMG1264,structure,ST692,images/structures/ST692_Junagadhi_(Jain)_Temple/img1.jpg,structure image
IMG1265,structure,ST692,images/structures/ST692_Junagadhi_(Jain)_Temple/img2.jpg,structure image
IMG1266,structure,ST692,images/structures/ST692_Junagadhi_(Jain)_Temple/img3.jpg,structure image
IMG1267,structure,ST693,images/structures/ST693_Kankeshvara_Mahadeva_temple_&_shrines/img1.jpg,structure image
IMG1268,structure,ST693,images/structures/ST693_Kankeshvara_Mahadeva_temple_&_shrines/img2.jpg,structure image
IMG1269,structure,ST693,images/structures/ST693_Kankeshvara_Mahadeva_temple_&_shrines/img3.jpg,structure image
IMG1270,structure,ST694,images/structures/ST694_Ranchhod_Rayaji_Temple/img1.jpg,structure image
IMG1271,structure,ST694,images/structures/ST694_Ranchhod_Rayaji_Temple/img2.jpg,structure image
IMG1272,structure,ST694,images/structures/ST694_Ranchhod_Rayaji_Temple/img3.jpg,structure image
IMG1273,structure,ST695,images/structures/ST695_Gop_(Sun)_Temple/img1.jpg,structure image
IMG1274,structure,ST695,images/structures/ST695_Gop_(Sun)_Temple/img2.jpg,structure image
IMG1275,structure,ST695,images/structures/ST695_Gop_(Sun)_Temple/img3.jpg,structure image
IMG1276,structure,ST698,images/structures/ST698_Baba_Pyare_Khapra_Kodia_caves/img1.jpg,structure image
IMG1277,structure,ST698,images/structures/ST698_Baba_Pyare_Khapra_Kodia_caves/img2.jpg,structure image
IMG1278,structure,ST698,images/structures/ST698_Baba_Pyare_Khapra_Kodia_caves/img3.jpg,structure image
IMG1279,structure,ST699,images/structures/ST699_Buddhistic_Cave/img1.jpg,structure image
IMG1280,structure,ST699,images/structures/ST699_Buddhistic_Cave/img2.jpg,structure image
IMG1281,structure,ST699,images/structures/ST699_Buddhistic_Cave/img3.jpg,structure image
IMG1282,structure,ST700,images/structures/ST700_Jami_Masjid/img1.jpg,structure image
IMG1283,structure,ST700,images/structures/ST700_Jami_Masjid/img2.jpg,structure image
IMG1284,structure,ST700,images/structures/ST700_Jami_Masjid/img3.jpg,structure image
IMG1285,structure,ST701,images/structures/ST701_Rahimat_Masjid_(Bibi_Masjid)/img1.jpg,structure image
IMG1286,structure,ST701,images/structures/ST701_Rahimat_Masjid_(Bibi_Masjid)/img2.jpg,structure image
IMG1287,structure,ST701,images/structures/ST701_Rahimat_Masjid_(Bibi_Masjid)/img3.jpg,structure image
IMG1288,structure,ST702,images/structures/ST702_Raveli_Masjid/img1.jpg,structure image
IMG1289,structure,ST702,images/structures/ST702_Raveli_Masjid/img2.jpg,structure image
IMG1290,structure,ST702,images/structures/ST702_Raveli_Masjid/img3.jpg,structure image
IMG1291,structure,ST703,images/structures/ST703_Tomb_of_Rao_Lakha_Chhatri/img1.jpg,structure image
IMG1292,structure,ST703,images/structures/ST703_Tomb_of_Rao_Lakha_Chhatri/img2.jpg,structure image
IMG1293,structure,ST703,images/structures/ST703_Tomb_of_Rao_Lakha_Chhatri/img3.jpg,structure image
IMG1294,structure,ST706,images/structures/ST706_Siva_temple/img1.jpg,structure image
IMG1295,structure,ST706,images/structures/ST706_Siva_temple/img2.jpg,structure image
IMG1296,structure,ST706,images/structures/ST706_Siva_temple/img3.jpg,structure image
IMG1297,structure,ST708,images/structures/ST708_Darbargadh/img1.jpg,structure image
IMG1298,structure,ST708,images/structures/ST708_Darbargadh/img2.jpg,structure image
IMG1299,structure,ST708,images/structures/ST708_Darbargadh/img3.jpg,structure image
IMG1300,structure,ST709,images/structures/ST709_Old_Parsvanath_temple/img1.jpg,structure image
IMG1301,structure,ST709,images/structures/ST709_Old_Parsvanath_temple/img2.jpg,structure image
IMG1302,structure,ST709,images/structures/ST709_Old_Parsvanath_temple/img3.jpg,structure image
IMG1303,structure,ST710,images/structures/ST710_House_where_Mahatma_Gandhi_was_born/img1.jpg,structure image
IMG1304,structure,ST710,images/structures/ST710_House_where_Mahatma_Gandhi_was_born/img2.jpg,structure image
IMG1305,structure,ST710,images/structures/ST710_House_where_Mahatma_Gandhi_was_born/img3.jpg,structure image
IMG1306,structure,ST711,images/structures/ST711_Dhank_Caves/img1.jpg,structure image
IMG1307,structure,ST711,images/structures/ST711_Dhank_Caves/img2.jpg,structure image
IMG1308,structure,ST711,images/structures/ST711_Dhank_Caves/img3.jpg,structure image
IMG1309,structure,ST712,images/structures/ST712_Ananteshwara_temple/img1.jpg,structure image
IMG1310,structure,ST712,images/structures/ST712_Ananteshwara_temple/img2.jpg,structure image
IMG1311,structure,ST712,images/structures/ST712_Ananteshwara_temple/img3.jpg,structure image
IMG1312,structure,ST714,images/structures/ST714_Navlakha_temple/img1.jpg,structure image
IMG1313,structure,ST714,images/structures/ST714_Navlakha_temple/img2.jpg,structure image
IMG1314,structure,ST714,images/structures/ST714_Navlakha_temple/img3.jpg,structure image
IMG1315,structure,ST716,images/structures/ST716_Sun_Temple/img1.jpg,structure image
IMG1316,structure,ST716,images/structures/ST716_Sun_Temple/img2.jpg,structure image
IMG1317,structure,ST716,images/structures/ST716_Sun_Temple/img3.jpg,structure image
IMG1318,structure,ST717,images/structures/ST717_Rana_Dev's_Temple/img1.jpg,structure image
IMG1319,structure,ST717,images/structures/ST717_Rana_Dev's_Temple/img2.jpg,structure image
IMG1320,structure,ST717,images/structures/ST717_Rana_Dev's_Temple/img3.jpg,structure image
IMG1321,artifact,A108,images/artifacts/A108_Kandhrmatad_Inscriptions/img1.jpg,artifact image
IMG1322,artifact,A108,images/artifacts/A108_Kandhrmatad_Inscriptions/img2.jpg,artifact image
IMG1323,artifact,A108,images/artifacts/A108_Kandhrmatad_Inscriptions/img3.jpg,artifact image
IMG1324,artifact,A131,images/artifacts/A131_Carvings_of_Old_Darbargadh/img1.jpg,artifact image
IMG1325,artifact,A131,images/artifacts/A131_Carvings_of_Old_Darbargadh/img2.jpg,artifact image
IMG1326,artifact,A131,images/artifacts/A131_Carvings_of_Old_Darbargadh/img3.jpg,artifact image
IMG1327,artifact,A134,images/artifacts/A134_Ceiling_and_Pictures_on_the_wall/img1.jpg,artifact image
IMG1328,artifact,A134,images/artifacts/A134_Ceiling_and_Pictures_on_the_wall/img2.jpg,artifact image
IMG1329,artifact,A134,images/artifacts/A134_Ceiling_and_Pictures_on_the_wall/img3.jpg,artifact image
IMG1330,artifact,A146,images/artifacts/A146_Pictures_on_wall_of_MacMurdo's_Bungalow/img1.jpg,artifact image
IMG1331,artifact,A146,images/artifacts/A146_Pictures_on_wall_of_MacMurdo's_Bungalow/img2.jpg,artifact image
IMG1332,artifact,A146,images/artifacts/A146_Pictures_on_wall_of_MacMurdo's_Bungalow/img3.jpg,artifact image
IMG1333,artifact,A172,images/artifacts/A172_Inscription_of_Juma_Masjid/img1.jpg,artifact image
IMG1334,artifact,A172,images/artifacts/A172_Inscription_of_Juma_Masjid/img2.jpg,artifact image
IMG1335,artifact,A172,images/artifacts/A172_Inscription_of_Juma_Masjid/img3.jpg,artifact image
IMG1336,artifact,A180,images/artifacts/A180_Stone_Memorial_Inscription_&_Battlefield/img1.jpg,artifact image
IMG1337,artifact,A180,images/artifacts/A180_Stone_Memorial_Inscription_&_Battlefield/img2.jpg,artifact image
IMG1338,artifact,A180,images/artifacts/A180_Stone_Memorial_Inscription_&_Battlefield/img3.jpg,artifact image
IMG1339,artifact,A200,images/artifacts/A200_Temple_&_Two_Inscriptions_(Ajara_Parshwanath)/img1.jpg,artifact image
IMG1340,artifact,A200,images/artifacts/A200_Temple_&_Two_Inscriptions_(Ajara_Parshwanath)/img2.jpg,artifact image
IMG1341,artifact,A200,images/artifacts/A200_Temple_&_Two_Inscriptions_(Ajara_Parshwanath)/img3.jpg,artifact image
IMG1342,artifact,A202,images/artifacts/A202_Stone_Inscriptions_Near_Talav/img1.jpg,artifact image
IMG1343,artifact,A202,images/artifacts/A202_Stone_Inscriptions_Near_Talav/img2.jpg,artifact image
IMG1344,artifact,A202,images/artifacts/A202_Stone_Inscriptions_Near_Talav/img3.jpg,artifact image
IMG1345,artifact,A211,images/artifacts/A211_Two_Stone_Inscriptions_on_Jumma_Masjid/img1.jpg,artifact image
IMG1346,artifact,A211,images/artifacts/A211_Two_Stone_Inscriptions_on_Jumma_Masjid/img2.jpg,artifact image
IMG1347,artifact,A211,images/artifacts/A211_Two_Stone_Inscriptions_on_Jumma_Masjid/img3.jpg,artifact image
IMG1348,artifact,A212,images/artifacts/A212_Two_Idols_of_Kshetrapal_At_Vav_(Pujari_Vav)/img1.jpg,artifact image
IMG1349,artifact,A212,images/artifacts/A212_Two_Idols_of_Kshetrapal_At_Vav_(Pujari_Vav)/img2.jpg,artifact image
IMG1350,artifact,A212,images/artifacts/A212_Two_Idols_of_Kshetrapal_At_Vav_(Pujari_Vav)/img3.jpg,artifact image
IMG1351,artifact,A216,images/artifacts/A216_Stone_Inscription_of_Ra'Mandlik_(Samvat_1507)/img1.jpg,artifact image
IMG1352,artifact,A216,images/artifacts/A216_Stone_Inscription_of_Ra'Mandlik_(Samvat_1507)/img2.jpg,artifact image
IMG1353,artifact,A216,images/artifacts/A216_Stone_Inscription_of_Ra'Mandlik_(Samvat_1507)/img3.jpg,artifact image
IMG1354,artifact,A218,images/artifacts/A218_Replica_of_Ashoka_Stone_Inscription/img1.jpg,artifact image
IMG1355,artifact,A218,images/artifacts/A218_Replica_of_Ashoka_Stone_Inscription/img2.jpg,artifact image
IMG1356,artifact,A218,images/artifacts/A218_Replica_of_Ashoka_Stone_Inscription/img3.jpg,artifact image
IMG1357,artifact,A229,images/artifacts/A229_Stone_Inscription_with_Mai_Gadechi_of_H_S_685/img1.jpg,artifact image
IMG1358,artifact,A229,images/artifacts/A229_Stone_Inscription_with_Mai_Gadechi_of_H_S_685/img2.jpg,artifact image
IMG1359,artifact,A229,images/artifacts/A229_Stone_Inscription_with_Mai_Gadechi_of_H_S_685/img3.jpg,artifact image
IMG1360,artifact,A236,images/artifacts/A236_Wooden_Sandal_(Paduka)_of_Ramchandraji/img1.jpg,artifact image
IMG1361,artifact,A236,images/artifacts/A236_Wooden_Sandal_(Paduka)_of_Ramchandraji/img2.jpg,artifact image
IMG1362,artifact,A236,images/artifacts/A236_Wooden_Sandal_(Paduka)_of_Ramchandraji/img3.jpg,artifact image
IMG1363,artifact,A238,images/artifacts/A238_Hathi_Pagla/img1.jpg,artifact image
IMG1364,artifact,A238,images/artifacts/A238_Hathi_Pagla/img2.jpg,artifact image
IMG1365,artifact,A238,images/artifacts/A238_Hathi_Pagla/img3.jpg,artifact image
IMG1366,artifact,A259,images/artifacts/A259_Dhanvantari_no_Palio/img1.jpg,artifact image
IMG1367,artifact,A259,images/artifacts/A259_Dhanvantari_no_Palio/img2.jpg,artifact image
IMG1368,artifact,A259,images/artifacts/A259_Dhanvantari_no_Palio/img3.jpg,artifact image
IMG1369,artifact,A260,images/artifacts/A260_Memorial_Stone_of_Dah_Culture/img1.jpg,artifact image
IMG1370,artifact,A260,images/artifacts/A260_Memorial_Stone_of_Dah_Culture/img2.jpg,artifact image
IMG1371,artifact,A260,images/artifacts/A260_Memorial_Stone_of_Dah_Culture/img3.jpg,artifact image
IMG1372,artifact,A264,images/artifacts/A264_Nani_Vav-no_Shilalekh/img1.jpg,artifact image
IMG1373,artifact,A264,images/artifacts/A264_Nani_Vav-no_Shilalekh/img2.jpg,artifact image
IMG1374,artifact,A264,images/artifacts/A264_Nani_Vav-no_Shilalekh/img3.jpg,artifact image
IMG1375,artifact,A265,images/artifacts/A265_Ceiling_of_Jumma_Masjid_(S1408)/img1.jpg,artifact image
IMG1376,artifact,A265,images/artifacts/A265_Ceiling_of_Jumma_Masjid_(S1408)/img2.jpg,artifact image
IMG1377,artifact,A265,images/artifacts/A265_Ceiling_of_Jumma_Masjid_(S1408)/img3.jpg,artifact image
IMG1378,artifact,A267,images/artifacts/A267_Stone_Inscription_of_Vijayshwar_Mahadev/img1.jpg,artifact image
IMG1379,artifact,A267,images/artifacts/A267_Stone_Inscription_of_Vijayshwar_Mahadev/img2.jpg,artifact image
IMG1380,artifact,A267,images/artifacts/A267_Stone_Inscription_of_Vijayshwar_Mahadev/img3.jpg,artifact image
IMG1381,artifact,A274,images/artifacts/A274_Bilingual_Stone_Inscription_at_Gayatri_Temple/img1.jpg,artifact image
IMG1382,artifact,A274,images/artifacts/A274_Bilingual_Stone_Inscription_at_Gayatri_Temple/img2.jpg,artifact image
IMG1383,artifact,A274,images/artifacts/A274_Bilingual_Stone_Inscription_at_Gayatri_Temple/img3.jpg,artifact image
IMG1384,artifact,A277,images/artifacts/A277_Stone_Inscription_at_Kaji_Masjid/img1.jpg,artifact image
IMG1385,artifact,A277,images/artifacts/A277_Stone_Inscription_at_Kaji_Masjid/img2.jpg,artifact image
IMG1386,artifact,A277,images/artifacts/A277_Stone_Inscription_at_Kaji_Masjid/img3.jpg,artifact image
IMG1387,artifact,A285,images/artifacts/A285_Stone_Inscription_of_Bhadrakali_Mata/img1.jpg,artifact image
IMG1388,artifact,A285,images/artifacts/A285_Stone_Inscription_of_Bhadrakali_Mata/img2.jpg,artifact image
IMG1389,artifact,A285,images/artifacts/A285_Stone_Inscription_of_Bhadrakali_Mata/img3.jpg,artifact image
IMG1390,artifact,A287,images/artifacts/A287_Stone_Inscription_(at_Shah_Makbara)/img1.jpg,artifact image
IMG1391,artifact,A287,images/artifacts/A287_Stone_Inscription_(at_Shah_Makbara)/img2.jpg,artifact image
IMG1392,artifact,A287,images/artifacts/A287_Stone_Inscription_(at_Shah_Makbara)/img3.jpg,artifact image
IMG1393,artifact,A288,images/artifacts/A288_Stone_Inscription_at_Mussafar_Masjid/img1.jpg,artifact image
IMG1394,artifact,A288,images/artifacts/A288_Stone_Inscription_at_Mussafar_Masjid/img2.jpg,artifact image
IMG1395,artifact,A288,images/artifacts/A288_Stone_Inscription_at_Mussafar_Masjid/img3.jpg,artifact image
IMG1396,artifact,A289,images/artifacts/A289_Stone_Inscription_Near_Mota_Darwaja/img1.jpg,artifact image
IMG1397,artifact,A289,images/artifacts/A289_Stone_Inscription_Near_Mota_Darwaja/img2.jpg,artifact image
IMG1398,artifact,A289,images/artifacts/A289_Stone_Inscription_Near_Mota_Darwaja/img3.jpg,artifact image
IMG1399,artifact,A290,images/artifacts/A290_Ceiling_of_Riyapir_Masjid/img1.jpg,artifact image
IMG1400,artifact,A290,images/artifacts/A290_Ceiling_of_Riyapir_Masjid/img2.jpg,artifact image
IMG1401,artifact,A290,images/artifacts/A290_Ceiling_of_Riyapir_Masjid/img3.jpg,artifact image
IMG1402,artifact,A294,images/artifacts/A294_Stone_Inscription_of_Sultan_Ahmed/img1.jpg,artifact image
IMG1403,artifact,A294,images/artifacts/A294_Stone_Inscription_of_Sultan_Ahmed/img2.jpg,artifact image
IMG1404,artifact,A294,images/artifacts/A294_Stone_Inscription_of_Sultan_Ahmed/img3.jpg,artifact image
IMG1405,artifact,A297,images/artifacts/A297_Stone_Inscription_at_Jumma_Masjid_(HS732)/img1.jpg,artifact image
IMG1406,artifact,A297,images/artifacts/A297_Stone_Inscription_at_Jumma_Masjid_(HS732)/img2.jpg,artifact image
IMG1407,artifact,A297,images/artifacts/A297_Stone_Inscription_at_Jumma_Masjid_(HS732)/img3.jpg,artifact image
IMG1408,artifact,A298,images/artifacts/A298_Stone_Inscription_at_Harshadmata_Temple/img1.jpg,artifact image
IMG1409,artifact,A298,images/artifacts/A298_Stone_Inscription_at_Harshadmata_Temple/img2.jpg,artifact image
IMG1410,artifact,A298,images/artifacts/A298_Stone_Inscription_at_Harshadmata_Temple/img3.jpg,artifact image
IMG1411,artifact,A328,images/artifacts/A328_Memorial_Stone_near_Cemetery/img1.jpg,artifact image
IMG1412,artifact,A328,images/artifacts/A328_Memorial_Stone_near_Cemetery/img2.jpg,artifact image
IMG1413,artifact,A328,images/artifacts/A328_Memorial_Stone_near_Cemetery/img3.jpg,artifact image
IMG1414,artifact,A340,images/artifacts/A340_Stone_Inscription_(Kaleshwari_Mata_Temple)/img1.jpg,artifact image
IMG1415,artifact,A340,images/artifacts/A340_Stone_Inscription_(Kaleshwari_Mata_Temple)/img2.jpg,artifact image
IMG1416,artifact,A340,images/artifacts/A340_Stone_Inscription_(Kaleshwari_Mata_Temple)/img3.jpg,artifact image
IMG1417,artifact,A397,images/artifacts/A397_Memorial_Stone_of_Lakha_Fulani/img1.jpg,artifact image
IMG1418,artifact,A397,images/artifacts/A397_Memorial_Stone_of_Lakha_Fulani/img2.jpg,artifact image
IMG1419,artifact,A397,images/artifacts/A397_Memorial_Stone_of_Lakha_Fulani/img3.jpg,artifact image
IMG1420,artifact,A398,images/artifacts/A398_Stone_Inscription_in_Darbargadh/img1.jpg,artifact image
IMG1421,artifact,A398,images/artifacts/A398_Stone_Inscription_in_Darbargadh/img2.jpg,artifact image
IMG1422,artifact,A398,images/artifacts/A398_Stone_Inscription_in_Darbargadh/img3.jpg,artifact image
IMG1423,artifact,A405,images/artifacts/A405_Tamrapatra_(Copper_Plate_Record)/img1.jpg,artifact image
IMG1424,artifact,A405,images/artifacts/A405_Tamrapatra_(Copper_Plate_Record)/img2.jpg,artifact image
IMG1425,artifact,A405,images/artifacts/A405_Tamrapatra_(Copper_Plate_Record)/img3.jpg,artifact image
IMG1426,artifact,A407,images/artifacts/A407_Stone_Inscription_at_Jadeshwar_Mahadev/img1.jpg,artifact image
IMG1427,artifact,A407,images/artifacts/A407_Stone_Inscription_at_Jadeshwar_Mahadev/img2.jpg,artifact image
IMG1428,artifact,A407,images/artifacts/A407_Stone_Inscription_at_Jadeshwar_Mahadev/img3.jpg,artifact image
IMG1429,artifact,A462,images/artifacts/A462_Three_Inscriptions_(Neminath_Jain_Temple)/img1.jpg,artifact image
IMG1430,artifact,A462,images/artifacts/A462_Three_Inscriptions_(Neminath_Jain_Temple)/img2.jpg,artifact image
IMG1431,artifact,A462,images/artifacts/A462_Three_Inscriptions_(Neminath_Jain_Temple)/img3.jpg,artifact image
IMG1432,artifact,A463,images/artifacts/A463_Six_Inscriptions_(Vastupal_Jain_Temple)/img1.jpg,artifact image
IMG1433,artifact,A463,images/artifacts/A463_Six_Inscriptions_(Vastupal_Jain_Temple)/img2.jpg,artifact image
IMG1434,artifact,A463,images/artifacts/A463_Six_Inscriptions_(Vastupal_Jain_Temple)/img3.jpg,artifact image
IMG1435,artifact,A656,images/artifacts/A656_Archaeological_Remains_(Plot_535)/img1.jpg,artifact image
IMG1436,artifact,A656,images/artifacts/A656_Archaeological_Remains_(Plot_535)/img2.jpg,artifact image
IMG1437,artifact,A656,images/artifacts/A656_Archaeological_Remains_(Plot_535)/img3.jpg,artifact image
IMG1438,artifact,A662,images/artifacts/A662_Microlithic_Tools_of_Anarapura/img1.jpg,artifact image
IMG1439,artifact,A662,images/artifacts/A662_Microlithic_Tools_of_Anarapura/img2.jpg,artifact image
IMG1440,artifact,A662,images/artifacts/A662_Microlithic_Tools_of_Anarapura/img3.jpg,artifact image
IMG1441,artifact,A669,images/artifacts/A669_Archaeological_Remains_of_Sandhiyapura/img1.jpg,artifact image
IMG1442,artifact,A669,images/artifacts/A669_Archaeological_Remains_of_Sandhiyapura/img2.jpg,artifact image
IMG1443,artifact,A669,images/artifacts/A669_Archaeological_Remains_of_Sandhiyapura/img3.jpg,artifact image
IMG1444,artifact,A670,images/artifacts/A670_Excavated_Artifacts_of_Kayavarohan/img1.jpg,artifact image
IMG1445,artifact,A670,images/artifacts/A670_Excavated_Artifacts_of_Kayavarohan/img2.jpg,artifact image
IMG1446,artifact,A670,images/artifacts/A670_Excavated_Artifacts_of_Kayavarohan/img3.jpg,artifact image
IMG1447,artifact,A672,images/artifacts/A672_Frescos_of_Bhau_Tambekar’s_Wada/img1.jpg,artifact image
IMG1448,artifact,A672,images/artifacts/A672_Frescos_of_Bhau_Tambekar’s_Wada/img2.jpg,artifact image
IMG1449,artifact,A672,images/artifacts/A672_Frescos_of_Bhau_Tambekar’s_Wada/img3.jpg,artifact image
IMG1450,artifact,A673,images/artifacts/A673_Historic_Site_SNo_431_to_435/img1.jpg,artifact image
IMG1451,artifact,A673,images/artifacts/A673_Historic_Site_SNo_431_to_435/img2.jpg,artifact image
IMG1452,artifact,A673,images/artifacts/A673_Historic_Site_SNo_431_to_435/img3.jpg,artifact image
IMG1453,artifact,A674,images/artifacts/A674_Ancient_site_Gohilwad_Timbo_(Mound)/img1.jpg,artifact image
IMG1454,artifact,A674,images/artifacts/A674_Ancient_site_Gohilwad_Timbo_(Mound)/img2.jpg,artifact image
IMG1455,artifact,A674,images/artifacts/A674_Ancient_site_Gohilwad_Timbo_(Mound)/img3.jpg,artifact image
IMG1456,artifact,A675,images/artifacts/A675_Fresco_on_the_wall_of_Kashivisvanath_temple/img1.jpg,artifact image
IMG1457,artifact,A675,images/artifacts/A675_Fresco_on_the_wall_of_Kashivisvanath_temple/img2.jpg,artifact image
IMG1458,artifact,A675,images/artifacts/A675_Fresco_on_the_wall_of_Kashivisvanath_temple/img3.jpg,artifact image
IMG1459,artifact,A676,images/artifacts/A676_Ancient_Site/img1.jpg,artifact image
IMG1460,artifact,A676,images/artifacts/A676_Ancient_Site/img2.jpg,artifact image
IMG1461,artifact,A676,images/artifacts/A676_Ancient_Site/img3.jpg,artifact image
IMG1462,artifact,A681,images/artifacts/A681_Vallabhipur_Mound_Artifacts/img1.jpg,artifact image
IMG1463,artifact,A681,images/artifacts/A681_Vallabhipur_Mound_Artifacts/img2.jpg,artifact image
IMG1464,artifact,A681,images/artifacts/A681_Vallabhipur_Mound_Artifacts/img3.jpg,artifact image
IMG1465,artifact,A686,images/artifacts/A686_Kshatrapa_Inscriptions/img1.jpg,artifact image
IMG1466,artifact,A686,images/artifacts/A686_Kshatrapa_Inscriptions/img2.jpg,artifact image
IMG1467,artifact,A686,images/artifacts/A686_Kshatrapa_Inscriptions/img3.jpg,artifact image
IMG1468,artifact,A696,images/artifacts/A696_Intwa_Mound_Artifacts/img1.jpg,artifact image
IMG1469,artifact,A696,images/artifacts/A696_Intwa_Mound_Artifacts/img2.jpg,artifact image
IMG1470,artifact,A696,images/artifacts/A696_Intwa_Mound_Artifacts/img3.jpg,artifact image
IMG1471,artifact,A704,images/artifacts/A704_Kotada_Site_Artifacts/img1.jpg,artifact image
IMG1472,artifact,A704,images/artifacts/A704_Kotada_Site_Artifacts/img2.jpg,artifact image
IMG1473,artifact,A704,images/artifacts/A704_Kotada_Site_Artifacts/img3.jpg,artifact image
IMG1474,artifact,A705,images/artifacts/A705_Juni_Kuran_Site_Artifacts/img1.jpg,artifact image
IMG1475,artifact,A705,images/artifacts/A705_Juni_Kuran_Site_Artifacts/img2.jpg,artifact image
IMG1476,artifact,A705,images/artifacts/A705_Juni_Kuran_Site_Artifacts/img3.jpg,artifact image
IMG1477,artifact,A707,images/artifacts/A707_Surkotada_Excavation_Finds/img1.jpg,artifact image
IMG1478,artifact,A707,images/artifacts/A707_Surkotada_Excavation_Finds/img2.jpg,artifact image
IMG1479,artifact,A707,images/artifacts/A707_Surkotada_Excavation_Finds/img3.jpg,artifact image
IMG1480,artifact,A713,images/artifacts/A713_Rangpur_Mound_Artifacts/img1.jpg,artifact image
IMG1481,artifact,A713,images/artifacts/A713_Rangpur_Mound_Artifacts/img2.jpg,artifact image
IMG1482,artifact,A713,images/artifacts/A713_Rangpur_Mound_Artifacts/img3.jpg,artifact image
IMG1483,artifact,A715,images/artifacts/A715_Sejakpur_Site_Artifacts/img1.jpg,artifact image
IMG1484,artifact,A715,images/artifacts/A715_Sejakpur_Site_Artifacts/img2.jpg,artifact image
IMG1485,artifact,A715,images/artifacts/A715_Sejakpur_Site_Artifacts/img3.jpg,artifact image
IMG1486,artifact,A718,images/artifacts/A718_Dholavira_Quarry_Artifacts_I/img1.jpg,artifact image
IMG1487,artifact,A718,images/artifacts/A718_Dholavira_Quarry_Artifacts_I/img2.jpg,artifact image
IMG1488,artifact,A718,images/artifacts/A718_Dholavira_Quarry_Artifacts_I/img3.jpg,artifact image
IMG1489,artifact,A719,images/artifacts/A719_Dholavira_Quarry_Artifacts_II/img1.jpg,artifact image
IMG1490,artifact,A719,images/artifacts/A719_Dholavira_Quarry_Artifacts_II/img2.jpg,artifact image
IMG1491,artifact,A719,images/artifacts/A719_Dholavira_Quarry_Artifacts_II/img3.jpg,artifact image
